id,user,crawler_time,post_time,link,like,comment,forward,child_comment_comment_id,child_comment_comment_time,child_comment_like,child_comment_reply,second_child_comment_comment_id,second_child_comment_comment_time,second_child_comment_like
0,b'ZKN',2020-07-21 11:42:01,2020-07-19 13:16:00,http://www.weibo.com/1649818571/JbUyuBedA?from=page_1005051649818571_profile&wvr=6&mod=weibotime,118988,29329,39981,4528392298571520,2020-7-19 13:25,4877,2095,,,
0,b'ZKN',2020-07-21 11:42:01,2020-07-19 13:16:00,http://www.weibo.com/1649818571/JbUyuBedA?from=page_1005051649818571_profile&wvr=6&mod=weibotime,118988,29329,39981,4528393359720914,2020-7-19 13:29,4730,1539,,,
0,b'ZKN',2020-07-21 11:42:01,2020-07-19 13:16:00,http://www.weibo.com/1649818571/JbUyuBedA?from=page_1005051649818571_profile&wvr=6&mod=weibotime,118988,29329,39981,4528393669848039,2020-7-19 13:30,4246,1859,,,
1,b'ZKN',2020-07-21 11:42:16,2020-07-17 18:15:00,http://www.weibo.com/1649818571/JbDEXypef?from=page_1005051649818571_profile&wvr=6&mod=weibotime,131618,33282,59701,4527741937913334,2020-7-17 18:21,6349,4388,,,
1,b'ZKN',2020-07-21 11:42:16,2020-07-17 18:15:00,http://www.weibo.com/1649818571/JbDEXypef?from=page_1005051649818571_profile&wvr=6&mod=weibotime,131618,33282,59701,4527741820995910,2020-7-17 18:20,5987,3828,,,
1,b'ZKN',2020-07-21 11:42:16,2020-07-17 18:15:00,http://www.weibo.com/1649818571/JbDEXypef?from=page_1005051649818571_profile&wvr=6&mod=weibotime,131618,33282,59701,4527741862416124,2020-7-17 18:20,3957,1736,,,
1,b'ZKN',2020-07-21 11:42:16,2020-07-17 18:15:00,http://www.weibo.com/1649818571/JbDEXypef?from=page_1005051649818571_profile&wvr=6&mod=weibotime,131618,33282,59701,4527742010263294,2020-7-17 18:21,5725,3677,,,
2,b'ZKN',2020-07-21 11:42:21,2020-07-14 13:58:00,http://www.weibo.com/1649818571/Jb9GPvvm1?from=page_1005051649818571_profile&wvr=6&mod=weibotime,145629,41278,85299,4526593307641400,2020-7-14 14:16,6553,3783,4526594980713085,2020-7-14 14:23,4217
2,b'ZKN',2020-07-21 11:42:21,2020-07-14 13:58:00,http://www.weibo.com/1649818571/Jb9GPvvm1?from=page_1005051649818571_profile&wvr=6&mod=weibotime,145629,41278,85299,4526593307641400,2020-7-14 14:16,6553,3783,4526594431811573,2020-7-14 14:21,4129
2,b'ZKN',2020-07-21 11:42:21,2020-07-14 13:58:00,http://www.weibo.com/1649818571/Jb9GPvvm1?from=page_1005051649818571_profile&wvr=6&mod=weibotime,145629,41278,85299,4526593307641400,2020-7-14 14:16,6553,3783,4526597665374972,2020-7-14 14:34,3867
2,b'ZKN',2020-07-21 11:42:21,2020-07-14 13:58:00,http://www.weibo.com/1649818571/Jb9GPvvm1?from=page_1005051649818571_profile&wvr=6&mod=weibotime,145629,41278,85299,4526594285075592,2020-7-14 14:20,5995,8239,4526594980713085,2020-7-14 14:23,4217
2,b'ZKN',2020-07-21 11:42:21,2020-07-14 13:58:00,http://www.weibo.com/1649818571/Jb9GPvvm1?from=page_1005051649818571_profile&wvr=6&mod=weibotime,145629,41278,85299,4526594285075592,2020-7-14 14:20,5995,8239,4526594431811573,2020-7-14 14:21,4129
2,b'ZKN',2020-07-21 11:42:21,2020-07-14 13:58:00,http://www.weibo.com/1649818571/Jb9GPvvm1?from=page_1005051649818571_profile&wvr=6&mod=weibotime,145629,41278,85299,4526594285075592,2020-7-14 14:20,5995,8239,4526597665374972,2020-7-14 14:34,3867
2,b'ZKN',2020-07-21 11:42:21,2020-07-14 13:58:00,http://www.weibo.com/1649818571/Jb9GPvvm1?from=page_1005051649818571_profile&wvr=6&mod=weibotime,145629,41278,85299,4526597597707708,2020-7-14 14:33,5787,5553,4526597665374972,2020-7-14 14:34,3867
2,b'ZKN',2020-07-21 11:42:21,2020-07-14 13:58:00,http://www.weibo.com/1649818571/Jb9GPvvm1?from=page_1005051649818571_profile&wvr=6&mod=weibotime,145629,41278,85299,4526597597707708,2020-7-14 14:33,5787,5553,4526594980713085,2020-7-14 14:23,4217
2,b'ZKN',2020-07-21 11:42:21,2020-07-14 13:58:00,http://www.weibo.com/1649818571/Jb9GPvvm1?from=page_1005051649818571_profile&wvr=6&mod=weibotime,145629,41278,85299,4526597597707708,2020-7-14 14:33,5787,5553,4526594431811573,2020-7-14 14:21,4129
2,b'ZKN',2020-07-21 11:42:21,2020-07-14 13:58:00,http://www.weibo.com/1649818571/Jb9GPvvm1?from=page_1005051649818571_profile&wvr=6&mod=weibotime,145629,41278,85299,4526591748057820,2020-7-14 14:10,5776,3509,4526594980713085,2020-7-14 14:23,4217
2,b'ZKN',2020-07-21 11:42:21,2020-07-14 13:58:00,http://www.weibo.com/1649818571/Jb9GPvvm1?from=page_1005051649818571_profile&wvr=6&mod=weibotime,145629,41278,85299,4526591748057820,2020-7-14 14:10,5776,3509,4526594431811573,2020-7-14 14:21,4129
2,b'ZKN',2020-07-21 11:42:21,2020-07-14 13:58:00,http://www.weibo.com/1649818571/Jb9GPvvm1?from=page_1005051649818571_profile&wvr=6&mod=weibotime,145629,41278,85299,4526591748057820,2020-7-14 14:10,5776,3509,4526597665374972,2020-7-14 14:34,3867
3,b'ZKN',2020-07-21 11:42:26,2020-07-11 14:45:00,http://www.weibo.com/1649818571/JaHIzdZ8g?from=page_1005051649818571_profile&wvr=6&mod=weibotime,139068,30326,56471,4525514004040405,2020-7-11 14:48,7586,3824,,,
3,b'ZKN',2020-07-21 11:42:26,2020-07-11 14:45:00,http://www.weibo.com/1649818571/JaHIzdZ8g?from=page_1005051649818571_profile&wvr=6&mod=weibotime,139068,30326,56471,4525515782668986,2020-7-11 14:55,7171,3573,,,
3,b'ZKN',2020-07-21 11:42:26,2020-07-11 14:45:00,http://www.weibo.com/1649818571/JaHIzdZ8g?from=page_1005051649818571_profile&wvr=6&mod=weibotime,139068,30326,56471,4525514486624361,2020-7-11 14:49,6919,2663,,,
4,b'ZKN',2020-07-21 11:42:31,2020-07-08 21:44:00,http://www.weibo.com/1649818571/JaibaypVT?from=page_1005051649818571_profile&wvr=6&mod=weibotime,143415,34691,63869,4524537570190123,2020-7-8 22:08,6759,2551,4524590271975567,2020-7-9 01:37,3321
4,b'ZKN',2020-07-21 11:42:31,2020-07-08 21:44:00,http://www.weibo.com/1649818571/JaibaypVT?from=page_1005051649818571_profile&wvr=6&mod=weibotime,143415,34691,63869,4524537214278473,2020-7-8 22:06,6557,2592,4524590271975567,2020-7-9 01:37,3321
4,b'ZKN',2020-07-21 11:42:31,2020-07-08 21:44:00,http://www.weibo.com/1649818571/JaibaypVT?from=page_1005051649818571_profile&wvr=6&mod=weibotime,143415,34691,63869,4524583371927247,2020-7-9 01:10,4754,4443,4524590271975567,2020-7-9 01:37,3321
5,b'ZKN',2020-07-21 11:43:07,2020-07-03 18:52:00,http://www.weibo.com/1649818571/J9vUSyddY?from=page_1005051649818571_profile&wvr=6&mod=weibotime,201107,39871,85822,4522698577615775,2020-7-3 20:20,7904,6455,4522698476681579,2020-7-3 20:20,4695
5,b'ZKN',2020-07-21 11:43:07,2020-07-03 18:52:00,http://www.weibo.com/1649818571/J9vUSyddY?from=page_1005051649818571_profile&wvr=6&mod=weibotime,201107,39871,85822,4522698577615775,2020-7-3 20:20,7904,6455,4522699064084662,2020-7-3 20:22,4463
6,b'ZKN',2020-07-21 11:43:13,2020-07-01 18:00:00,http://www.weibo.com/1649818571/J9cII0okO?from=page_1005051649818571_profile&wvr=6&mod=weibotime,165542,61134,103449,4521967703088987,2020-7-1 19:56,7026,4017,,,
7,b'ZKN',2020-07-21 11:43:16,2020-06-25 21:16:00,http://www.weibo.com/1649818571/J8jrssFUF?from=page_1005051649818571_profile&wvr=6&mod=weibotime,247337,35495,67916,4519889526234789,2020-6-26 02:18,12969,5690,,,
8,b'ZKN',2020-07-21 11:43:20,2020-06-23 16:40:00,http://www.weibo.com/1649818571/J7YMhq7PV?from=page_1005051649818571_profile&wvr=6&mod=weibotime,354523,54060,80476,4519077064563759,2020-6-23 20:29,赞,4309,4519020701217165,2020-6-23 16:45,13387
8,b'ZKN',2020-07-21 11:43:20,2020-06-23 16:40:00,http://www.weibo.com/1649818571/J7YMhq7PV?from=page_1005051649818571_profile&wvr=6&mod=weibotime,354523,54060,80476,4519081561298642,2020-6-23 20:47,10151,2406,4519020701217165,2020-6-23 16:45,13387
8,b'ZKN',2020-07-21 11:43:20,2020-06-23 16:40:00,http://www.weibo.com/1649818571/J7YMhq7PV?from=page_1005051649818571_profile&wvr=6&mod=weibotime,354523,54060,80476,4519081657430511,2020-6-23 20:48,9878,2358,4519020701217165,2020-6-23 16:45,13387
8,b'ZKN',2020-07-21 11:43:20,2020-06-23 16:40:00,http://www.weibo.com/1649818571/J7YMhq7PV?from=page_1005051649818571_profile&wvr=6&mod=weibotime,354523,54060,80476,4519076192225663,2020-6-23 20:26,9584,2751,4519020701217165,2020-6-23 16:45,13387
8,b'ZKN',2020-07-21 11:43:20,2020-06-23 16:40:00,http://www.weibo.com/1649818571/J7YMhq7PV?from=page_1005051649818571_profile&wvr=6&mod=weibotime,354523,54060,80476,4519076259020655,2020-6-23 20:26,8903,2577,4519020701217165,2020-6-23 16:45,13387
8,b'ZKN',2020-07-21 11:43:20,2020-06-23 16:40:00,http://www.weibo.com/1649818571/J7YMhq7PV?from=page_1005051649818571_profile&wvr=6&mod=weibotime,354523,54060,80476,4519077529578333,2020-6-23 20:31,8324,2816,4519020701217165,2020-6-23 16:45,13387
8,b'ZKN',2020-07-21 11:43:20,2020-06-23 16:40:00,http://www.weibo.com/1649818571/J7YMhq7PV?from=page_1005051649818571_profile&wvr=6&mod=weibotime,354523,54060,80476,4519076494403911,2020-6-23 20:27,8311,1476,4519020701217165,2020-6-23 16:45,13387
8,b'ZKN',2020-07-21 11:43:20,2020-06-23 16:40:00,http://www.weibo.com/1649818571/J7YMhq7PV?from=page_1005051649818571_profile&wvr=6&mod=weibotime,354523,54060,80476,4519082063370783,2020-6-23 20:49,7806,1681,4519020701217165,2020-6-23 16:45,13387
9,b'ZKN',2020-07-21 11:43:55,2020-06-20 21:31:00,http://www.weibo.com/1649818571/J7yoU2Jhx?from=page_1005051649818571_profile&wvr=6&mod=weibotime,186698,51916,75554,4518006544524704,2020-6-20 21:36,12893,3908,,,
0,b'ZKN',2020-07-21 22:57:31,2020-07-19 13:16:00,http://www.weibo.com/1649818571/JbUyuBedA?from=page_1005051649818571_profile&wvr=6&mod=weibotime,120011,29640,41956,4528392298571520,2020-7-19 13:25,4957,2113,,,
0,b'ZKN',2020-07-21 22:57:31,2020-07-19 13:16:00,http://www.weibo.com/1649818571/JbUyuBedA?from=page_1005051649818571_profile&wvr=6&mod=weibotime,120011,29640,41956,4528393359720914,2020-7-19 13:29,4792,1548,,,
0,b'ZKN',2020-07-21 22:57:31,2020-07-19 13:16:00,http://www.weibo.com/1649818571/JbUyuBedA?from=page_1005051649818571_profile&wvr=6&mod=weibotime,120011,29640,41956,4528393669848039,2020-7-19 13:30,4298,1868,,,
1,b'ZKN',2020-07-21 22:57:47,2020-07-17 18:15:00,http://www.weibo.com/1649818571/JbDEXypef?from=page_1005051649818571_profile&wvr=6&mod=weibotime,131912,33300,59703,4527741937913334,2020-7-17 18:21,6360,4390,,,
1,b'ZKN',2020-07-21 22:57:47,2020-07-17 18:15:00,http://www.weibo.com/1649818571/JbDEXypef?from=page_1005051649818571_profile&wvr=6&mod=weibotime,131912,33300,59703,4527741820995910,2020-7-17 18:20,5995,3829,,,
1,b'ZKN',2020-07-21 22:57:47,2020-07-17 18:15:00,http://www.weibo.com/1649818571/JbDEXypef?from=page_1005051649818571_profile&wvr=6&mod=weibotime,131912,33300,59703,4527741862416124,2020-7-17 18:20,3965,1738,,,
1,b'ZKN',2020-07-21 22:57:47,2020-07-17 18:15:00,http://www.weibo.com/1649818571/JbDEXypef?from=page_1005051649818571_profile&wvr=6&mod=weibotime,131912,33300,59703,4527742010263294,2020-7-17 18:21,5734,3677,,,
2,b'ZKN',2020-07-21 22:58:01,2020-07-14 13:58:00,http://www.weibo.com/1649818571/Jb9GPvvm1?from=page_1005051649818571_profile&wvr=6&mod=weibotime,145733,41309,85303,4526593307641400,2020-7-14 14:16,6561,3787,4526594980713085,2020-7-14 14:23,4223
2,b'ZKN',2020-07-21 22:58:01,2020-07-14 13:58:00,http://www.weibo.com/1649818571/Jb9GPvvm1?from=page_1005051649818571_profile&wvr=6&mod=weibotime,145733,41309,85303,4526593307641400,2020-7-14 14:16,6561,3787,4526594431811573,2020-7-14 14:21,4135
2,b'ZKN',2020-07-21 22:58:01,2020-07-14 13:58:00,http://www.weibo.com/1649818571/Jb9GPvvm1?from=page_1005051649818571_profile&wvr=6&mod=weibotime,145733,41309,85303,4526593307641400,2020-7-14 14:16,6561,3787,4526597665374972,2020-7-14 14:34,3872
2,b'ZKN',2020-07-21 22:58:01,2020-07-14 13:58:00,http://www.weibo.com/1649818571/Jb9GPvvm1?from=page_1005051649818571_profile&wvr=6&mod=weibotime,145733,41309,85303,4526594285075592,2020-7-14 14:20,6001,8249,4526594980713085,2020-7-14 14:23,4223
2,b'ZKN',2020-07-21 22:58:01,2020-07-14 13:58:00,http://www.weibo.com/1649818571/Jb9GPvvm1?from=page_1005051649818571_profile&wvr=6&mod=weibotime,145733,41309,85303,4526594285075592,2020-7-14 14:20,6001,8249,4526594431811573,2020-7-14 14:21,4135
2,b'ZKN',2020-07-21 22:58:01,2020-07-14 13:58:00,http://www.weibo.com/1649818571/Jb9GPvvm1?from=page_1005051649818571_profile&wvr=6&mod=weibotime,145733,41309,85303,4526594285075592,2020-7-14 14:20,6001,8249,4526597665374972,2020-7-14 14:34,3872
2,b'ZKN',2020-07-21 22:58:01,2020-07-14 13:58:00,http://www.weibo.com/1649818571/Jb9GPvvm1?from=page_1005051649818571_profile&wvr=6&mod=weibotime,145733,41309,85303,4526597597707708,2020-7-14 14:33,5794,5559,4526597665374972,2020-7-14 14:34,3872
2,b'ZKN',2020-07-21 22:58:01,2020-07-14 13:58:00,http://www.weibo.com/1649818571/Jb9GPvvm1?from=page_1005051649818571_profile&wvr=6&mod=weibotime,145733,41309,85303,4526597597707708,2020-7-14 14:33,5794,5559,4526594980713085,2020-7-14 14:23,4223
2,b'ZKN',2020-07-21 22:58:01,2020-07-14 13:58:00,http://www.weibo.com/1649818571/Jb9GPvvm1?from=page_1005051649818571_profile&wvr=6&mod=weibotime,145733,41309,85303,4526597597707708,2020-7-14 14:33,5794,5559,4526594431811573,2020-7-14 14:21,4135
2,b'ZKN',2020-07-21 22:58:01,2020-07-14 13:58:00,http://www.weibo.com/1649818571/Jb9GPvvm1?from=page_1005051649818571_profile&wvr=6&mod=weibotime,145733,41309,85303,4526591748057820,2020-7-14 14:10,5780,3512,4526594980713085,2020-7-14 14:23,4223
2,b'ZKN',2020-07-21 22:58:01,2020-07-14 13:58:00,http://www.weibo.com/1649818571/Jb9GPvvm1?from=page_1005051649818571_profile&wvr=6&mod=weibotime,145733,41309,85303,4526591748057820,2020-7-14 14:10,5780,3512,4526594431811573,2020-7-14 14:21,4135
2,b'ZKN',2020-07-21 22:58:01,2020-07-14 13:58:00,http://www.weibo.com/1649818571/Jb9GPvvm1?from=page_1005051649818571_profile&wvr=6&mod=weibotime,145733,41309,85303,4526591748057820,2020-7-14 14:10,5780,3512,4526597665374972,2020-7-14 14:34,3872
3,b'ZKN',2020-07-21 22:58:06,2020-07-11 14:45:00,http://www.weibo.com/1649818571/JaHIzdZ8g?from=page_1005051649818571_profile&wvr=6&mod=weibotime,139130,30332,56475,4525514004040405,2020-7-11 14:48,7591,3824,,,
3,b'ZKN',2020-07-21 22:58:06,2020-07-11 14:45:00,http://www.weibo.com/1649818571/JaHIzdZ8g?from=page_1005051649818571_profile&wvr=6&mod=weibotime,139130,30332,56475,4525515782668986,2020-7-11 14:55,7172,3573,,,
3,b'ZKN',2020-07-21 22:58:06,2020-07-11 14:45:00,http://www.weibo.com/1649818571/JaHIzdZ8g?from=page_1005051649818571_profile&wvr=6&mod=weibotime,139130,30332,56475,4525514486624361,2020-7-11 14:49,6919,2663,,,
4,b'ZKN',2020-07-21 22:58:12,2020-07-08 21:44:00,http://www.weibo.com/1649818571/JaibaypVT?from=page_1005051649818571_profile&wvr=6&mod=weibotime,143474,34719,63871,4524537570190123,2020-7-8 22:08,6765,2556,4524590271975567,2020-7-9 01:37,3328
4,b'ZKN',2020-07-21 22:58:12,2020-07-08 21:44:00,http://www.weibo.com/1649818571/JaibaypVT?from=page_1005051649818571_profile&wvr=6&mod=weibotime,143474,34719,63871,4524537214278473,2020-7-8 22:06,6563,2597,4524590271975567,2020-7-9 01:37,3328
4,b'ZKN',2020-07-21 22:58:12,2020-07-08 21:44:00,http://www.weibo.com/1649818571/JaibaypVT?from=page_1005051649818571_profile&wvr=6&mod=weibotime,143474,34719,63871,4524583371927247,2020-7-9 01:10,4760,4453,4524590271975567,2020-7-9 01:37,3328
5,b'ZKN',2020-07-21 22:58:17,2020-07-03 18:52:00,http://www.weibo.com/1649818571/J9vUSyddY?from=page_1005051649818571_profile&wvr=6&mod=weibotime,201151,39891,85827,4522698577615775,2020-7-3 20:20,7910,6463,4522698476681579,2020-7-3 20:20,4701
5,b'ZKN',2020-07-21 22:58:17,2020-07-03 18:52:00,http://www.weibo.com/1649818571/J9vUSyddY?from=page_1005051649818571_profile&wvr=6&mod=weibotime,201151,39891,85827,4522698577615775,2020-7-3 20:20,7910,6463,4522699064084662,2020-7-3 20:22,4468
6,b'ZKN',2020-07-21 22:58:24,2020-07-01 18:00:00,http://www.weibo.com/1649818571/J9cII0okO?from=page_1005051649818571_profile&wvr=6&mod=weibotime,165564,61134,103446,4521967703088987,2020-7-1 19:56,7027,4017,,,
7,b'ZKN',2020-07-21 22:58:29,2020-06-25 21:16:00,http://www.weibo.com/1649818571/J8jrssFUF?from=page_1005051649818571_profile&wvr=6&mod=weibotime,247367,35497,67914,4519889526234789,2020-6-26 02:18,12972,5690,,,
8,b'ZKN',2020-07-21 22:58:35,2020-06-23 16:40:00,http://www.weibo.com/1649818571/J7YMhq7PV?from=page_1005051649818571_profile&wvr=6&mod=weibotime,354793,54242,80486,4519077064563759,2020-6-23 20:29,20100,4317,4519020701217165,2020-6-23 16:45,13405
8,b'ZKN',2020-07-21 22:58:35,2020-06-23 16:40:00,http://www.weibo.com/1649818571/J7YMhq7PV?from=page_1005051649818571_profile&wvr=6&mod=weibotime,354793,54242,80486,4519081561298642,2020-6-23 20:47,10161,2414,4519020701217165,2020-6-23 16:45,13405
8,b'ZKN',2020-07-21 22:58:35,2020-06-23 16:40:00,http://www.weibo.com/1649818571/J7YMhq7PV?from=page_1005051649818571_profile&wvr=6&mod=weibotime,354793,54242,80486,4519081657430511,2020-6-23 20:48,9887,2366,4519020701217165,2020-6-23 16:45,13405
8,b'ZKN',2020-07-21 22:58:35,2020-06-23 16:40:00,http://www.weibo.com/1649818571/J7YMhq7PV?from=page_1005051649818571_profile&wvr=6&mod=weibotime,354793,54242,80486,4519076192225663,2020-6-23 20:26,9591,2758,4519020701217165,2020-6-23 16:45,13405
8,b'ZKN',2020-07-21 22:58:35,2020-06-23 16:40:00,http://www.weibo.com/1649818571/J7YMhq7PV?from=page_1005051649818571_profile&wvr=6&mod=weibotime,354793,54242,80486,4519076259020655,2020-6-23 20:26,8910,2584,4519020701217165,2020-6-23 16:45,13405
8,b'ZKN',2020-07-21 22:58:35,2020-06-23 16:40:00,http://www.weibo.com/1649818571/J7YMhq7PV?from=page_1005051649818571_profile&wvr=6&mod=weibotime,354793,54242,80486,4519077529578333,2020-6-23 20:31,8333,2824,4519020701217165,2020-6-23 16:45,13405
8,b'ZKN',2020-07-21 22:58:35,2020-06-23 16:40:00,http://www.weibo.com/1649818571/J7YMhq7PV?from=page_1005051649818571_profile&wvr=6&mod=weibotime,354793,54242,80486,4519076494403911,2020-6-23 20:27,8319,1484,4519020701217165,2020-6-23 16:45,13405
8,b'ZKN',2020-07-21 22:58:35,2020-06-23 16:40:00,http://www.weibo.com/1649818571/J7YMhq7PV?from=page_1005051649818571_profile&wvr=6&mod=weibotime,354793,54242,80486,4519082063370783,2020-6-23 20:49,7814,1689,4519020701217165,2020-6-23 16:45,13405
0,b'ZKN',2020-07-21 23:02:45,2020-07-19 13:16:00,http://www.weibo.com/1649818571/JbUyuBedA?from=page_1005051649818571_profile&wvr=6&mod=weibotime,120021,29643,42309,4528392298571520,2020-7-19 13:25,4958,2114,,,
0,b'ZKN',2020-07-21 23:02:45,2020-07-19 13:16:00,http://www.weibo.com/1649818571/JbUyuBedA?from=page_1005051649818571_profile&wvr=6&mod=weibotime,120021,29643,42309,4528393359720914,2020-7-19 13:29,4793,1548,,,
0,b'ZKN',2020-07-21 23:02:45,2020-07-19 13:16:00,http://www.weibo.com/1649818571/JbUyuBedA?from=page_1005051649818571_profile&wvr=6&mod=weibotime,120021,29643,42309,4528393669848039,2020-7-19 13:30,4299,1869,,,
1,b'ZKN',2020-07-21 23:02:51,2020-07-17 18:15:00,http://www.weibo.com/1649818571/JbDEXypef?from=page_1005051649818571_profile&wvr=6&mod=weibotime,131916,33302,59703,4527741937913334,2020-7-17 18:21,6360,4390,,,
1,b'ZKN',2020-07-21 23:02:51,2020-07-17 18:15:00,http://www.weibo.com/1649818571/JbDEXypef?from=page_1005051649818571_profile&wvr=6&mod=weibotime,131916,33302,59703,4527741820995910,2020-7-17 18:20,5995,3829,,,
1,b'ZKN',2020-07-21 23:02:51,2020-07-17 18:15:00,http://www.weibo.com/1649818571/JbDEXypef?from=page_1005051649818571_profile&wvr=6&mod=weibotime,131916,33302,59703,4527741862416124,2020-7-17 18:20,3965,1738,,,
1,b'ZKN',2020-07-21 23:02:51,2020-07-17 18:15:00,http://www.weibo.com/1649818571/JbDEXypef?from=page_1005051649818571_profile&wvr=6&mod=weibotime,131916,33302,59703,4527742010263294,2020-7-17 18:21,5734,3678,,,
2,b'ZKN',2020-07-21 23:03:03,2020-07-14 13:58:00,http://www.weibo.com/1649818571/Jb9GPvvm1?from=page_1005051649818571_profile&wvr=6&mod=weibotime,145733,41309,85303,4526593307641400,2020-7-14 14:16,6561,3787,4526594980713085,2020-7-14 14:23,4223
2,b'ZKN',2020-07-21 23:03:03,2020-07-14 13:58:00,http://www.weibo.com/1649818571/Jb9GPvvm1?from=page_1005051649818571_profile&wvr=6&mod=weibotime,145733,41309,85303,4526593307641400,2020-7-14 14:16,6561,3787,4526594431811573,2020-7-14 14:21,4135
2,b'ZKN',2020-07-21 23:03:03,2020-07-14 13:58:00,http://www.weibo.com/1649818571/Jb9GPvvm1?from=page_1005051649818571_profile&wvr=6&mod=weibotime,145733,41309,85303,4526593307641400,2020-7-14 14:16,6561,3787,4526597665374972,2020-7-14 14:34,3872
2,b'ZKN',2020-07-21 23:03:03,2020-07-14 13:58:00,http://www.weibo.com/1649818571/Jb9GPvvm1?from=page_1005051649818571_profile&wvr=6&mod=weibotime,145733,41309,85303,4526594285075592,2020-7-14 14:20,6001,8249,4526594980713085,2020-7-14 14:23,4223
2,b'ZKN',2020-07-21 23:03:03,2020-07-14 13:58:00,http://www.weibo.com/1649818571/Jb9GPvvm1?from=page_1005051649818571_profile&wvr=6&mod=weibotime,145733,41309,85303,4526594285075592,2020-7-14 14:20,6001,8249,4526594431811573,2020-7-14 14:21,4135
2,b'ZKN',2020-07-21 23:03:03,2020-07-14 13:58:00,http://www.weibo.com/1649818571/Jb9GPvvm1?from=page_1005051649818571_profile&wvr=6&mod=weibotime,145733,41309,85303,4526594285075592,2020-7-14 14:20,6001,8249,4526597665374972,2020-7-14 14:34,3872
2,b'ZKN',2020-07-21 23:03:03,2020-07-14 13:58:00,http://www.weibo.com/1649818571/Jb9GPvvm1?from=page_1005051649818571_profile&wvr=6&mod=weibotime,145733,41309,85303,4526597597707708,2020-7-14 14:33,5794,5559,4526597665374972,2020-7-14 14:34,3872
2,b'ZKN',2020-07-21 23:03:03,2020-07-14 13:58:00,http://www.weibo.com/1649818571/Jb9GPvvm1?from=page_1005051649818571_profile&wvr=6&mod=weibotime,145733,41309,85303,4526597597707708,2020-7-14 14:33,5794,5559,4526594980713085,2020-7-14 14:23,4223
2,b'ZKN',2020-07-21 23:03:03,2020-07-14 13:58:00,http://www.weibo.com/1649818571/Jb9GPvvm1?from=page_1005051649818571_profile&wvr=6&mod=weibotime,145733,41309,85303,4526597597707708,2020-7-14 14:33,5794,5559,4526594431811573,2020-7-14 14:21,4135
2,b'ZKN',2020-07-21 23:03:03,2020-07-14 13:58:00,http://www.weibo.com/1649818571/Jb9GPvvm1?from=page_1005051649818571_profile&wvr=6&mod=weibotime,145733,41309,85303,4526591748057820,2020-7-14 14:10,5780,3512,4526594980713085,2020-7-14 14:23,4223
2,b'ZKN',2020-07-21 23:03:03,2020-07-14 13:58:00,http://www.weibo.com/1649818571/Jb9GPvvm1?from=page_1005051649818571_profile&wvr=6&mod=weibotime,145733,41309,85303,4526591748057820,2020-7-14 14:10,5780,3512,4526594431811573,2020-7-14 14:21,4135
2,b'ZKN',2020-07-21 23:03:03,2020-07-14 13:58:00,http://www.weibo.com/1649818571/Jb9GPvvm1?from=page_1005051649818571_profile&wvr=6&mod=weibotime,145733,41309,85303,4526591748057820,2020-7-14 14:10,5780,3512,4526597665374972,2020-7-14 14:34,3872
3,b'ZKN',2020-07-21 23:03:09,2020-07-11 14:45:00,http://www.weibo.com/1649818571/JaHIzdZ8g?from=page_1005051649818571_profile&wvr=6&mod=weibotime,139129,30332,56475,4525514004040405,2020-7-11 14:48,7591,3824,,,
3,b'ZKN',2020-07-21 23:03:09,2020-07-11 14:45:00,http://www.weibo.com/1649818571/JaHIzdZ8g?from=page_1005051649818571_profile&wvr=6&mod=weibotime,139129,30332,56475,4525515782668986,2020-7-11 14:55,7172,3573,,,
3,b'ZKN',2020-07-21 23:03:09,2020-07-11 14:45:00,http://www.weibo.com/1649818571/JaHIzdZ8g?from=page_1005051649818571_profile&wvr=6&mod=weibotime,139129,30332,56475,4525514486624361,2020-7-11 14:49,6919,2663,,,
4,b'ZKN',2020-07-21 23:03:16,2020-07-08 21:44:00,http://www.weibo.com/1649818571/JaibaypVT?from=page_1005051649818571_profile&wvr=6&mod=weibotime,143474,34719,63871,4524537570190123,2020-7-8 22:08,6765,2556,4524590271975567,2020-7-9 01:37,3328
4,b'ZKN',2020-07-21 23:03:16,2020-07-08 21:44:00,http://www.weibo.com/1649818571/JaibaypVT?from=page_1005051649818571_profile&wvr=6&mod=weibotime,143474,34719,63871,4524537214278473,2020-7-8 22:06,6563,2597,4524590271975567,2020-7-9 01:37,3328
4,b'ZKN',2020-07-21 23:03:16,2020-07-08 21:44:00,http://www.weibo.com/1649818571/JaibaypVT?from=page_1005051649818571_profile&wvr=6&mod=weibotime,143474,34719,63871,4524583371927247,2020-7-9 01:10,4760,4453,4524590271975567,2020-7-9 01:37,3328
5,b'ZKN',2020-07-21 23:03:24,2020-07-03 18:52:00,http://www.weibo.com/1649818571/J9vUSyddY?from=page_1005051649818571_profile&wvr=6&mod=weibotime,201151,39891,85827,4522698577615775,2020-7-3 20:20,7910,6463,4522698476681579,2020-7-3 20:20,4701
5,b'ZKN',2020-07-21 23:03:24,2020-07-03 18:52:00,http://www.weibo.com/1649818571/J9vUSyddY?from=page_1005051649818571_profile&wvr=6&mod=weibotime,201151,39891,85827,4522698577615775,2020-7-3 20:20,7910,6463,4522699064084662,2020-7-3 20:22,4468
6,b'ZKN',2020-07-21 23:03:33,2020-07-01 18:00:00,http://www.weibo.com/1649818571/J9cII0okO?from=page_1005051649818571_profile&wvr=6&mod=weibotime,165564,61134,103446,4521967703088987,2020-7-1 19:56,7027,4017,,,
7,b'ZKN',2020-07-21 23:03:37,2020-06-25 21:16:00,http://www.weibo.com/1649818571/J8jrssFUF?from=page_1005051649818571_profile&wvr=6&mod=weibotime,247367,35497,67914,4519889526234789,2020-6-26 02:18,12972,5690,,,
8,b'ZKN',2020-07-21 23:03:44,2020-06-23 16:40:00,http://www.weibo.com/1649818571/J7YMhq7PV?from=page_1005051649818571_profile&wvr=6&mod=weibotime,354794,54243,80486,4519077064563759,2020-6-23 20:29,赞,4317,4519020701217165,2020-6-23 16:45,13405
8,b'ZKN',2020-07-21 23:03:44,2020-06-23 16:40:00,http://www.weibo.com/1649818571/J7YMhq7PV?from=page_1005051649818571_profile&wvr=6&mod=weibotime,354794,54243,80486,4519081561298642,2020-6-23 20:47,10161,2414,4519020701217165,2020-6-23 16:45,13405
8,b'ZKN',2020-07-21 23:03:44,2020-06-23 16:40:00,http://www.weibo.com/1649818571/J7YMhq7PV?from=page_1005051649818571_profile&wvr=6&mod=weibotime,354794,54243,80486,4519081657430511,2020-6-23 20:48,9887,2366,4519020701217165,2020-6-23 16:45,13405
8,b'ZKN',2020-07-21 23:03:44,2020-06-23 16:40:00,http://www.weibo.com/1649818571/J7YMhq7PV?from=page_1005051649818571_profile&wvr=6&mod=weibotime,354794,54243,80486,4519076192225663,2020-6-23 20:26,9591,2758,4519020701217165,2020-6-23 16:45,13405
8,b'ZKN',2020-07-21 23:03:44,2020-06-23 16:40:00,http://www.weibo.com/1649818571/J7YMhq7PV?from=page_1005051649818571_profile&wvr=6&mod=weibotime,354794,54243,80486,4519076259020655,2020-6-23 20:26,8910,2584,4519020701217165,2020-6-23 16:45,13405
8,b'ZKN',2020-07-21 23:03:44,2020-06-23 16:40:00,http://www.weibo.com/1649818571/J7YMhq7PV?from=page_1005051649818571_profile&wvr=6&mod=weibotime,354794,54243,80486,4519077529578333,2020-6-23 20:31,8333,2824,4519020701217165,2020-6-23 16:45,13405
8,b'ZKN',2020-07-21 23:03:44,2020-06-23 16:40:00,http://www.weibo.com/1649818571/J7YMhq7PV?from=page_1005051649818571_profile&wvr=6&mod=weibotime,354794,54243,80486,4519076494403911,2020-6-23 20:27,8319,1484,4519020701217165,2020-6-23 16:45,13405
8,b'ZKN',2020-07-21 23:03:44,2020-06-23 16:40:00,http://www.weibo.com/1649818571/J7YMhq7PV?from=page_1005051649818571_profile&wvr=6&mod=weibotime,354794,54243,80486,4519082063370783,2020-6-23 20:49,7814,1689,4519020701217165,2020-6-23 16:45,13405
0,b'ZKN',2020-07-21 23:19:18,2020-07-19 13:16:00,http://www.weibo.com/1649818571/JbUyuBedA?from=page_1005051649818571_profile&wvr=6&mod=weibotime,120032,29675,42816,4528392298571520,2020-7-19 13:25,4959,2114,,,
0,b'ZKN',2020-07-21 23:19:18,2020-07-19 13:16:00,http://www.weibo.com/1649818571/JbUyuBedA?from=page_1005051649818571_profile&wvr=6&mod=weibotime,120032,29675,42816,4528393359720914,2020-7-19 13:29,4794,1548,,,
0,b'ZKN',2020-07-21 23:19:18,2020-07-19 13:16:00,http://www.weibo.com/1649818571/JbUyuBedA?from=page_1005051649818571_profile&wvr=6&mod=weibotime,120032,29675,42816,4528393669848039,2020-7-19 13:30,4300,1869,,,
1,b'ZKN',2020-07-21 23:19:31,2020-07-17 18:15:00,http://www.weibo.com/1649818571/JbDEXypef?from=page_1005051649818571_profile&wvr=6&mod=weibotime,131921,33302,59703,4527741937913334,2020-7-17 18:21,6360,4390,,,
1,b'ZKN',2020-07-21 23:19:31,2020-07-17 18:15:00,http://www.weibo.com/1649818571/JbDEXypef?from=page_1005051649818571_profile&wvr=6&mod=weibotime,131921,33302,59703,4527741820995910,2020-7-17 18:20,5995,3829,,,
1,b'ZKN',2020-07-21 23:19:31,2020-07-17 18:15:00,http://www.weibo.com/1649818571/JbDEXypef?from=page_1005051649818571_profile&wvr=6&mod=weibotime,131921,33302,59703,4527741862416124,2020-7-17 18:20,3965,1738,,,
1,b'ZKN',2020-07-21 23:19:31,2020-07-17 18:15:00,http://www.weibo.com/1649818571/JbDEXypef?from=page_1005051649818571_profile&wvr=6&mod=weibotime,131921,33302,59703,4527742010263294,2020-7-17 18:21,5734,3678,,,
2,b'ZKN',2020-07-21 23:19:42,2020-07-14 13:58:00,http://www.weibo.com/1649818571/Jb9GPvvm1?from=page_1005051649818571_profile&wvr=6&mod=weibotime,145735,41309,85303,4526593307641400,2020-7-14 14:16,6561,3787,4526594980713085,2020-7-14 14:23,4223
2,b'ZKN',2020-07-21 23:19:42,2020-07-14 13:58:00,http://www.weibo.com/1649818571/Jb9GPvvm1?from=page_1005051649818571_profile&wvr=6&mod=weibotime,145735,41309,85303,4526593307641400,2020-7-14 14:16,6561,3787,4526594431811573,2020-7-14 14:21,4135
2,b'ZKN',2020-07-21 23:19:42,2020-07-14 13:58:00,http://www.weibo.com/1649818571/Jb9GPvvm1?from=page_1005051649818571_profile&wvr=6&mod=weibotime,145735,41309,85303,4526593307641400,2020-7-14 14:16,6561,3787,4526597665374972,2020-7-14 14:34,3872
2,b'ZKN',2020-07-21 23:19:42,2020-07-14 13:58:00,http://www.weibo.com/1649818571/Jb9GPvvm1?from=page_1005051649818571_profile&wvr=6&mod=weibotime,145735,41309,85303,4526594285075592,2020-7-14 14:20,6001,8249,4526594980713085,2020-7-14 14:23,4223
2,b'ZKN',2020-07-21 23:19:42,2020-07-14 13:58:00,http://www.weibo.com/1649818571/Jb9GPvvm1?from=page_1005051649818571_profile&wvr=6&mod=weibotime,145735,41309,85303,4526594285075592,2020-7-14 14:20,6001,8249,4526594431811573,2020-7-14 14:21,4135
2,b'ZKN',2020-07-21 23:19:42,2020-07-14 13:58:00,http://www.weibo.com/1649818571/Jb9GPvvm1?from=page_1005051649818571_profile&wvr=6&mod=weibotime,145735,41309,85303,4526594285075592,2020-7-14 14:20,6001,8249,4526597665374972,2020-7-14 14:34,3872
2,b'ZKN',2020-07-21 23:19:42,2020-07-14 13:58:00,http://www.weibo.com/1649818571/Jb9GPvvm1?from=page_1005051649818571_profile&wvr=6&mod=weibotime,145735,41309,85303,4526597597707708,2020-7-14 14:33,5794,5559,4526597665374972,2020-7-14 14:34,3872
2,b'ZKN',2020-07-21 23:19:42,2020-07-14 13:58:00,http://www.weibo.com/1649818571/Jb9GPvvm1?from=page_1005051649818571_profile&wvr=6&mod=weibotime,145735,41309,85303,4526597597707708,2020-7-14 14:33,5794,5559,4526594980713085,2020-7-14 14:23,4223
2,b'ZKN',2020-07-21 23:19:42,2020-07-14 13:58:00,http://www.weibo.com/1649818571/Jb9GPvvm1?from=page_1005051649818571_profile&wvr=6&mod=weibotime,145735,41309,85303,4526597597707708,2020-7-14 14:33,5794,5559,4526594431811573,2020-7-14 14:21,4135
2,b'ZKN',2020-07-21 23:19:42,2020-07-14 13:58:00,http://www.weibo.com/1649818571/Jb9GPvvm1?from=page_1005051649818571_profile&wvr=6&mod=weibotime,145735,41309,85303,4526591748057820,2020-7-14 14:10,5780,3512,4526594980713085,2020-7-14 14:23,4223
2,b'ZKN',2020-07-21 23:19:42,2020-07-14 13:58:00,http://www.weibo.com/1649818571/Jb9GPvvm1?from=page_1005051649818571_profile&wvr=6&mod=weibotime,145735,41309,85303,4526591748057820,2020-7-14 14:10,5780,3512,4526594431811573,2020-7-14 14:21,4135
2,b'ZKN',2020-07-21 23:19:42,2020-07-14 13:58:00,http://www.weibo.com/1649818571/Jb9GPvvm1?from=page_1005051649818571_profile&wvr=6&mod=weibotime,145735,41309,85303,4526591748057820,2020-7-14 14:10,5780,3512,4526597665374972,2020-7-14 14:34,3872
3,b'ZKN',2020-07-21 23:19:47,2020-07-11 14:45:00,http://www.weibo.com/1649818571/JaHIzdZ8g?from=page_1005051649818571_profile&wvr=6&mod=weibotime,139131,30332,56475,4525515782668986,2020-7-11 14:55,7172,3573,,,
3,b'ZKN',2020-07-21 23:19:47,2020-07-11 14:45:00,http://www.weibo.com/1649818571/JaHIzdZ8g?from=page_1005051649818571_profile&wvr=6&mod=weibotime,139131,30332,56475,4525514486624361,2020-7-11 14:49,6919,2663,,,
3,b'ZKN',2020-07-21 23:19:47,2020-07-11 14:45:00,http://www.weibo.com/1649818571/JaHIzdZ8g?from=page_1005051649818571_profile&wvr=6&mod=weibotime,139131,30332,56475,4525514004040405,2020-7-11 14:48,7591,3824,,,
4,b'ZKN',2020-07-21 23:19:52,2020-07-08 21:44:00,http://www.weibo.com/1649818571/JaibaypVT?from=page_1005051649818571_profile&wvr=6&mod=weibotime,143475,34719,63871,4524537570190123,2020-7-8 22:08,6765,2556,4524590271975567,2020-7-9 01:37,3328
4,b'ZKN',2020-07-21 23:19:52,2020-07-08 21:44:00,http://www.weibo.com/1649818571/JaibaypVT?from=page_1005051649818571_profile&wvr=6&mod=weibotime,143475,34719,63871,4524537214278473,2020-7-8 22:06,6563,2597,4524590271975567,2020-7-9 01:37,3328
4,b'ZKN',2020-07-21 23:19:52,2020-07-08 21:44:00,http://www.weibo.com/1649818571/JaibaypVT?from=page_1005051649818571_profile&wvr=6&mod=weibotime,143475,34719,63871,4524583371927247,2020-7-9 01:10,4760,4453,4524590271975567,2020-7-9 01:37,3328
5,b'ZKN',2020-07-21 23:19:59,2020-07-03 18:52:00,http://www.weibo.com/1649818571/J9vUSyddY?from=page_1005051649818571_profile&wvr=6&mod=weibotime,201153,39891,85827,4522698577615775,2020-7-3 20:20,7910,6463,4522698476681579,2020-7-3 20:20,4701
5,b'ZKN',2020-07-21 23:19:59,2020-07-03 18:52:00,http://www.weibo.com/1649818571/J9vUSyddY?from=page_1005051649818571_profile&wvr=6&mod=weibotime,201153,39891,85827,4522698577615775,2020-7-3 20:20,7910,6463,4522699064084662,2020-7-3 20:22,4468
6,b'ZKN',2020-07-21 23:20:09,2020-07-01 18:00:00,http://www.weibo.com/1649818571/J9cII0okO?from=page_1005051649818571_profile&wvr=6&mod=weibotime,165564,61134,103445,,,,,,,
7,b'ZKN',2020-07-21 23:20:21,2020-06-25 21:16:00,http://www.weibo.com/1649818571/J8jrssFUF?from=page_1005051649818571_profile&wvr=6&mod=weibotime,247368,35497,67914,4519889526234789,2020-6-26 02:18,12972,5690,,,
8,b'ZKN',2020-07-21 23:20:28,2020-06-23 16:40:00,http://www.weibo.com/1649818571/J7YMhq7PV?from=page_1005051649818571_profile&wvr=6&mod=weibotime,354799,54247,80486,4519082063370783,2020-6-23 20:49,7814,1689,4519020701217165,2020-6-23 16:45,13405
8,b'ZKN',2020-07-21 23:20:28,2020-06-23 16:40:00,http://www.weibo.com/1649818571/J7YMhq7PV?from=page_1005051649818571_profile&wvr=6&mod=weibotime,354799,54247,80486,4519077064563759,2020-6-23 20:29,20100,4317,4519020701217165,2020-6-23 16:45,13405
8,b'ZKN',2020-07-21 23:20:28,2020-06-23 16:40:00,http://www.weibo.com/1649818571/J7YMhq7PV?from=page_1005051649818571_profile&wvr=6&mod=weibotime,354799,54247,80486,4519081561298642,2020-6-23 20:47,10162,2414,4519020701217165,2020-6-23 16:45,13405
8,b'ZKN',2020-07-21 23:20:28,2020-06-23 16:40:00,http://www.weibo.com/1649818571/J7YMhq7PV?from=page_1005051649818571_profile&wvr=6&mod=weibotime,354799,54247,80486,4519081657430511,2020-6-23 20:48,9887,2366,4519020701217165,2020-6-23 16:45,13405
8,b'ZKN',2020-07-21 23:20:28,2020-06-23 16:40:00,http://www.weibo.com/1649818571/J7YMhq7PV?from=page_1005051649818571_profile&wvr=6&mod=weibotime,354799,54247,80486,4519076192225663,2020-6-23 20:26,9591,2758,4519020701217165,2020-6-23 16:45,13405
8,b'ZKN',2020-07-21 23:20:28,2020-06-23 16:40:00,http://www.weibo.com/1649818571/J7YMhq7PV?from=page_1005051649818571_profile&wvr=6&mod=weibotime,354799,54247,80486,4519076259020655,2020-6-23 20:26,8910,2584,4519020701217165,2020-6-23 16:45,13405
8,b'ZKN',2020-07-21 23:20:28,2020-06-23 16:40:00,http://www.weibo.com/1649818571/J7YMhq7PV?from=page_1005051649818571_profile&wvr=6&mod=weibotime,354799,54247,80486,4519077529578333,2020-6-23 20:31,8333,2824,4519020701217165,2020-6-23 16:45,13405
8,b'ZKN',2020-07-21 23:20:28,2020-06-23 16:40:00,http://www.weibo.com/1649818571/J7YMhq7PV?from=page_1005051649818571_profile&wvr=6&mod=weibotime,354799,54247,80486,4519076494403911,2020-6-23 20:27,8319,1484,4519020701217165,2020-6-23 16:45,13405
0,b'ZKN',2020-07-22 00:28:18,2020-07-19 13:16:00,http://www.weibo.com/1649818571/JbUyuBedA?from=page_1005051649818571_profile&wvr=6&mod=weibotime,120104,29714,42861,4528392298571520,2020-7-19 13:25,4966,2117,,,
0,b'ZKN',2020-07-22 00:28:18,2020-07-19 13:16:00,http://www.weibo.com/1649818571/JbUyuBedA?from=page_1005051649818571_profile&wvr=6&mod=weibotime,120104,29714,42861,4528393359720914,2020-7-19 13:29,4800,1549,,,
0,b'ZKN',2020-07-22 00:28:18,2020-07-19 13:16:00,http://www.weibo.com/1649818571/JbUyuBedA?from=page_1005051649818571_profile&wvr=6&mod=weibotime,120104,29714,42861,4528393669848039,2020-7-19 13:30,4306,1871,,,
1,b'ZKN',2020-07-22 00:28:31,2020-07-17 18:15:00,http://www.weibo.com/1649818571/JbDEXypef?from=page_1005051649818571_profile&wvr=6&mod=weibotime,131951,33303,59701,4527741937913334,2020-7-17 18:21,6360,4390,,,
1,b'ZKN',2020-07-22 00:28:31,2020-07-17 18:15:00,http://www.weibo.com/1649818571/JbDEXypef?from=page_1005051649818571_profile&wvr=6&mod=weibotime,131951,33303,59701,4527741820995910,2020-7-17 18:20,5995,3829,,,
1,b'ZKN',2020-07-22 00:28:31,2020-07-17 18:15:00,http://www.weibo.com/1649818571/JbDEXypef?from=page_1005051649818571_profile&wvr=6&mod=weibotime,131951,33303,59701,4527741862416124,2020-7-17 18:20,3965,1738,,,
1,b'ZKN',2020-07-22 00:28:31,2020-07-17 18:15:00,http://www.weibo.com/1649818571/JbDEXypef?from=page_1005051649818571_profile&wvr=6&mod=weibotime,131951,33303,59701,4527742010263294,2020-7-17 18:21,5734,3678,,,
2,b'ZKN',2020-07-22 00:28:39,2020-07-14 13:58:00,http://www.weibo.com/1649818571/Jb9GPvvm1?from=page_1005051649818571_profile&wvr=6&mod=weibotime,145739,41309,85302,4526593307641400,2020-7-14 14:16,6561,3787,4526594980713085,2020-7-14 14:23,4223
2,b'ZKN',2020-07-22 00:28:39,2020-07-14 13:58:00,http://www.weibo.com/1649818571/Jb9GPvvm1?from=page_1005051649818571_profile&wvr=6&mod=weibotime,145739,41309,85302,4526593307641400,2020-7-14 14:16,6561,3787,4526594431811573,2020-7-14 14:21,4135
2,b'ZKN',2020-07-22 00:28:39,2020-07-14 13:58:00,http://www.weibo.com/1649818571/Jb9GPvvm1?from=page_1005051649818571_profile&wvr=6&mod=weibotime,145739,41309,85302,4526593307641400,2020-7-14 14:16,6561,3787,4526597665374972,2020-7-14 14:34,3872
2,b'ZKN',2020-07-22 00:28:39,2020-07-14 13:58:00,http://www.weibo.com/1649818571/Jb9GPvvm1?from=page_1005051649818571_profile&wvr=6&mod=weibotime,145739,41309,85302,4526594285075592,2020-7-14 14:20,6001,8249,4526594980713085,2020-7-14 14:23,4223
2,b'ZKN',2020-07-22 00:28:39,2020-07-14 13:58:00,http://www.weibo.com/1649818571/Jb9GPvvm1?from=page_1005051649818571_profile&wvr=6&mod=weibotime,145739,41309,85302,4526594285075592,2020-7-14 14:20,6001,8249,4526594431811573,2020-7-14 14:21,4135
2,b'ZKN',2020-07-22 00:28:39,2020-07-14 13:58:00,http://www.weibo.com/1649818571/Jb9GPvvm1?from=page_1005051649818571_profile&wvr=6&mod=weibotime,145739,41309,85302,4526594285075592,2020-7-14 14:20,6001,8249,4526597665374972,2020-7-14 14:34,3872
2,b'ZKN',2020-07-22 00:28:39,2020-07-14 13:58:00,http://www.weibo.com/1649818571/Jb9GPvvm1?from=page_1005051649818571_profile&wvr=6&mod=weibotime,145739,41309,85302,4526597597707708,2020-7-14 14:33,5794,5559,4526597665374972,2020-7-14 14:34,3872
2,b'ZKN',2020-07-22 00:28:39,2020-07-14 13:58:00,http://www.weibo.com/1649818571/Jb9GPvvm1?from=page_1005051649818571_profile&wvr=6&mod=weibotime,145739,41309,85302,4526597597707708,2020-7-14 14:33,5794,5559,4526594980713085,2020-7-14 14:23,4223
2,b'ZKN',2020-07-22 00:28:39,2020-07-14 13:58:00,http://www.weibo.com/1649818571/Jb9GPvvm1?from=page_1005051649818571_profile&wvr=6&mod=weibotime,145739,41309,85302,4526597597707708,2020-7-14 14:33,5794,5559,4526594431811573,2020-7-14 14:21,4135
2,b'ZKN',2020-07-22 00:28:39,2020-07-14 13:58:00,http://www.weibo.com/1649818571/Jb9GPvvm1?from=page_1005051649818571_profile&wvr=6&mod=weibotime,145739,41309,85302,4526591748057820,2020-7-14 14:10,5780,3512,4526594980713085,2020-7-14 14:23,4223
2,b'ZKN',2020-07-22 00:28:39,2020-07-14 13:58:00,http://www.weibo.com/1649818571/Jb9GPvvm1?from=page_1005051649818571_profile&wvr=6&mod=weibotime,145739,41309,85302,4526591748057820,2020-7-14 14:10,5780,3512,4526594431811573,2020-7-14 14:21,4135
2,b'ZKN',2020-07-22 00:28:39,2020-07-14 13:58:00,http://www.weibo.com/1649818571/Jb9GPvvm1?from=page_1005051649818571_profile&wvr=6&mod=weibotime,145739,41309,85302,4526591748057820,2020-7-14 14:10,5780,3512,4526597665374972,2020-7-14 14:34,3872
3,b'ZKN',2020-07-22 00:28:47,2020-07-11 14:45:00,http://www.weibo.com/1649818571/JaHIzdZ8g?from=page_1005051649818571_profile&wvr=6&mod=weibotime,139133,30332,56473,4525514004040405,2020-7-11 14:48,7591,3824,,,
3,b'ZKN',2020-07-22 00:28:47,2020-07-11 14:45:00,http://www.weibo.com/1649818571/JaHIzdZ8g?from=page_1005051649818571_profile&wvr=6&mod=weibotime,139133,30332,56473,4525515782668986,2020-7-11 14:55,7172,3573,,,
3,b'ZKN',2020-07-22 00:28:47,2020-07-11 14:45:00,http://www.weibo.com/1649818571/JaHIzdZ8g?from=page_1005051649818571_profile&wvr=6&mod=weibotime,139133,30332,56473,4525514486624361,2020-7-11 14:49,6919,2663,,,
4,b'ZKN',2020-07-22 00:28:53,2020-07-08 21:44:00,http://www.weibo.com/1649818571/JaibaypVT?from=page_1005051649818571_profile&wvr=6&mod=weibotime,143479,34719,63869,4524537570190123,2020-7-8 22:08,6765,2556,4524590271975567,2020-7-9 01:37,3328
4,b'ZKN',2020-07-22 00:28:53,2020-07-08 21:44:00,http://www.weibo.com/1649818571/JaibaypVT?from=page_1005051649818571_profile&wvr=6&mod=weibotime,143479,34719,63869,4524537214278473,2020-7-8 22:06,6563,2597,4524590271975567,2020-7-9 01:37,3328
4,b'ZKN',2020-07-22 00:28:53,2020-07-08 21:44:00,http://www.weibo.com/1649818571/JaibaypVT?from=page_1005051649818571_profile&wvr=6&mod=weibotime,143479,34719,63869,4524583371927247,2020-7-9 01:10,4760,4453,4524590271975567,2020-7-9 01:37,3328
5,b'ZKN',2020-07-22 00:28:59,2020-07-03 18:52:00,http://www.weibo.com/1649818571/J9vUSyddY?from=page_1005051649818571_profile&wvr=6&mod=weibotime,201155,39891,85826,4522698577615775,2020-7-3 20:20,7910,6463,4522698476681579,2020-7-3 20:20,4702
5,b'ZKN',2020-07-22 00:28:59,2020-07-03 18:52:00,http://www.weibo.com/1649818571/J9vUSyddY?from=page_1005051649818571_profile&wvr=6&mod=weibotime,201155,39891,85826,4522698577615775,2020-7-3 20:20,7910,6463,4522699064084662,2020-7-3 20:22,4468
6,b'ZKN',2020-07-22 00:29:06,2020-07-01 18:00:00,http://www.weibo.com/1649818571/J9cII0okO?from=page_1005051649818571_profile&wvr=6&mod=weibotime,165564,61134,103443,4521967703088987,2020-7-1 19:56,7027,4017,,,
7,b'ZKN',2020-07-22 00:29:12,2020-06-25 21:16:00,http://www.weibo.com/1649818571/J8jrssFUF?from=page_1005051649818571_profile&wvr=6&mod=weibotime,247370,35497,67913,4519889526234789,2020-6-26 02:18,12973,5690,,,
8,b'ZKN',2020-07-22 00:29:17,2020-06-23 16:40:00,http://www.weibo.com/1649818571/J7YMhq7PV?from=page_1005051649818571_profile&wvr=6&mod=weibotime,354817,54255,80486,4519077064563759,2020-6-23 20:29,20100,4317,4519020701217165,2020-6-23 16:45,13407
8,b'ZKN',2020-07-22 00:29:17,2020-06-23 16:40:00,http://www.weibo.com/1649818571/J7YMhq7PV?from=page_1005051649818571_profile&wvr=6&mod=weibotime,354817,54255,80486,4519081561298642,2020-6-23 20:47,10162,2414,4519020701217165,2020-6-23 16:45,13407
8,b'ZKN',2020-07-22 00:29:17,2020-06-23 16:40:00,http://www.weibo.com/1649818571/J7YMhq7PV?from=page_1005051649818571_profile&wvr=6&mod=weibotime,354817,54255,80486,4519081657430511,2020-6-23 20:48,9887,2366,4519020701217165,2020-6-23 16:45,13407
8,b'ZKN',2020-07-22 00:29:17,2020-06-23 16:40:00,http://www.weibo.com/1649818571/J7YMhq7PV?from=page_1005051649818571_profile&wvr=6&mod=weibotime,354817,54255,80486,4519076192225663,2020-6-23 20:26,9591,2758,4519020701217165,2020-6-23 16:45,13407
8,b'ZKN',2020-07-22 00:29:17,2020-06-23 16:40:00,http://www.weibo.com/1649818571/J7YMhq7PV?from=page_1005051649818571_profile&wvr=6&mod=weibotime,354817,54255,80486,4519076259020655,2020-6-23 20:26,8910,2584,4519020701217165,2020-6-23 16:45,13407
8,b'ZKN',2020-07-22 00:29:17,2020-06-23 16:40:00,http://www.weibo.com/1649818571/J7YMhq7PV?from=page_1005051649818571_profile&wvr=6&mod=weibotime,354817,54255,80486,4519077529578333,2020-6-23 20:31,8333,2824,4519020701217165,2020-6-23 16:45,13407
8,b'ZKN',2020-07-22 00:29:17,2020-06-23 16:40:00,http://www.weibo.com/1649818571/J7YMhq7PV?from=page_1005051649818571_profile&wvr=6&mod=weibotime,354817,54255,80486,4519076494403911,2020-6-23 20:27,8320,1484,4519020701217165,2020-6-23 16:45,13407
8,b'ZKN',2020-07-22 00:29:17,2020-06-23 16:40:00,http://www.weibo.com/1649818571/J7YMhq7PV?from=page_1005051649818571_profile&wvr=6&mod=weibotime,354817,54255,80486,4519082063370783,2020-6-23 20:49,7814,1689,4519020701217165,2020-6-23 16:45,13407
0,b'ZKN',2020-07-22 00:36:14,2020-07-19 13:16:00,http://www.weibo.com/1649818571/JbUyuBedA?from=page_1005051649818571_profile&wvr=6&mod=weibotime,120114,29718,42861,4528392298571520,2020-7-19 13:25,4968,2117,,,
0,b'ZKN',2020-07-22 00:36:14,2020-07-19 13:16:00,http://www.weibo.com/1649818571/JbUyuBedA?from=page_1005051649818571_profile&wvr=6&mod=weibotime,120114,29718,42861,4528393359720914,2020-7-19 13:29,4802,1549,,,
0,b'ZKN',2020-07-22 00:36:14,2020-07-19 13:16:00,http://www.weibo.com/1649818571/JbUyuBedA?from=page_1005051649818571_profile&wvr=6&mod=weibotime,120114,29718,42861,4528393669848039,2020-7-19 13:30,4308,1871,,,
1,b'ZKN',2020-07-22 00:36:29,2020-07-17 18:15:00,http://www.weibo.com/1649818571/JbDEXypef?from=page_1005051649818571_profile&wvr=6&mod=weibotime,131954,33303,59701,4527741937913334,2020-7-17 18:21,6360,4390,,,
1,b'ZKN',2020-07-22 00:36:29,2020-07-17 18:15:00,http://www.weibo.com/1649818571/JbDEXypef?from=page_1005051649818571_profile&wvr=6&mod=weibotime,131954,33303,59701,4527741820995910,2020-7-17 18:20,5995,3829,,,
1,b'ZKN',2020-07-22 00:36:29,2020-07-17 18:15:00,http://www.weibo.com/1649818571/JbDEXypef?from=page_1005051649818571_profile&wvr=6&mod=weibotime,131954,33303,59701,4527741862416124,2020-7-17 18:20,3965,1738,,,
1,b'ZKN',2020-07-22 00:36:29,2020-07-17 18:15:00,http://www.weibo.com/1649818571/JbDEXypef?from=page_1005051649818571_profile&wvr=6&mod=weibotime,131954,33303,59701,4527742010263294,2020-7-17 18:21,5734,3678,,,
2,b'ZKN',2020-07-22 00:36:37,2020-07-14 13:58:00,http://www.weibo.com/1649818571/Jb9GPvvm1?from=page_1005051649818571_profile&wvr=6&mod=weibotime,145740,41309,85302,4526593307641400,2020-7-14 14:16,6561,3787,4526594980713085,2020-7-14 14:23,4223
2,b'ZKN',2020-07-22 00:36:37,2020-07-14 13:58:00,http://www.weibo.com/1649818571/Jb9GPvvm1?from=page_1005051649818571_profile&wvr=6&mod=weibotime,145740,41309,85302,4526593307641400,2020-7-14 14:16,6561,3787,4526594431811573,2020-7-14 14:21,4135
2,b'ZKN',2020-07-22 00:36:37,2020-07-14 13:58:00,http://www.weibo.com/1649818571/Jb9GPvvm1?from=page_1005051649818571_profile&wvr=6&mod=weibotime,145740,41309,85302,4526593307641400,2020-7-14 14:16,6561,3787,4526597665374972,2020-7-14 14:34,3872
2,b'ZKN',2020-07-22 00:36:37,2020-07-14 13:58:00,http://www.weibo.com/1649818571/Jb9GPvvm1?from=page_1005051649818571_profile&wvr=6&mod=weibotime,145740,41309,85302,4526594285075592,2020-7-14 14:20,6001,8249,4526594980713085,2020-7-14 14:23,4223
2,b'ZKN',2020-07-22 00:36:37,2020-07-14 13:58:00,http://www.weibo.com/1649818571/Jb9GPvvm1?from=page_1005051649818571_profile&wvr=6&mod=weibotime,145740,41309,85302,4526594285075592,2020-7-14 14:20,6001,8249,4526594431811573,2020-7-14 14:21,4135
2,b'ZKN',2020-07-22 00:36:37,2020-07-14 13:58:00,http://www.weibo.com/1649818571/Jb9GPvvm1?from=page_1005051649818571_profile&wvr=6&mod=weibotime,145740,41309,85302,4526594285075592,2020-7-14 14:20,6001,8249,4526597665374972,2020-7-14 14:34,3872
2,b'ZKN',2020-07-22 00:36:37,2020-07-14 13:58:00,http://www.weibo.com/1649818571/Jb9GPvvm1?from=page_1005051649818571_profile&wvr=6&mod=weibotime,145740,41309,85302,4526597597707708,2020-7-14 14:33,5794,5559,4526597665374972,2020-7-14 14:34,3872
2,b'ZKN',2020-07-22 00:36:37,2020-07-14 13:58:00,http://www.weibo.com/1649818571/Jb9GPvvm1?from=page_1005051649818571_profile&wvr=6&mod=weibotime,145740,41309,85302,4526597597707708,2020-7-14 14:33,5794,5559,4526594980713085,2020-7-14 14:23,4223
2,b'ZKN',2020-07-22 00:36:37,2020-07-14 13:58:00,http://www.weibo.com/1649818571/Jb9GPvvm1?from=page_1005051649818571_profile&wvr=6&mod=weibotime,145740,41309,85302,4526597597707708,2020-7-14 14:33,5794,5559,4526594431811573,2020-7-14 14:21,4135
2,b'ZKN',2020-07-22 00:36:37,2020-07-14 13:58:00,http://www.weibo.com/1649818571/Jb9GPvvm1?from=page_1005051649818571_profile&wvr=6&mod=weibotime,145740,41309,85302,4526591748057820,2020-7-14 14:10,5780,3512,4526594980713085,2020-7-14 14:23,4223
2,b'ZKN',2020-07-22 00:36:37,2020-07-14 13:58:00,http://www.weibo.com/1649818571/Jb9GPvvm1?from=page_1005051649818571_profile&wvr=6&mod=weibotime,145740,41309,85302,4526591748057820,2020-7-14 14:10,5780,3512,4526594431811573,2020-7-14 14:21,4135
2,b'ZKN',2020-07-22 00:36:37,2020-07-14 13:58:00,http://www.weibo.com/1649818571/Jb9GPvvm1?from=page_1005051649818571_profile&wvr=6&mod=weibotime,145740,41309,85302,4526591748057820,2020-7-14 14:10,5780,3512,4526597665374972,2020-7-14 14:34,3872
3,b'ZKN',2020-07-22 00:36:46,2020-07-11 14:45:00,http://www.weibo.com/1649818571/JaHIzdZ8g?from=page_1005051649818571_profile&wvr=6&mod=weibotime,139133,30332,56474,4525514004040405,2020-7-11 14:48,7591,3824,,,
3,b'ZKN',2020-07-22 00:36:46,2020-07-11 14:45:00,http://www.weibo.com/1649818571/JaHIzdZ8g?from=page_1005051649818571_profile&wvr=6&mod=weibotime,139133,30332,56474,4525515782668986,2020-7-11 14:55,7172,3573,,,
3,b'ZKN',2020-07-22 00:36:46,2020-07-11 14:45:00,http://www.weibo.com/1649818571/JaHIzdZ8g?from=page_1005051649818571_profile&wvr=6&mod=weibotime,139133,30332,56474,4525514486624361,2020-7-11 14:49,6919,2663,,,
4,b'ZKN',2020-07-22 00:37:36,2020-07-08 21:44:00,http://www.weibo.com/1649818571/JaibaypVT?from=page_1005051649818571_profile&wvr=6&mod=weibotime,143479,34719,63869,4524537570190123,2020-7-8 22:08,6765,2556,4524590271975567,2020-7-9 01:37,3328
4,b'ZKN',2020-07-22 00:37:36,2020-07-08 21:44:00,http://www.weibo.com/1649818571/JaibaypVT?from=page_1005051649818571_profile&wvr=6&mod=weibotime,143479,34719,63869,4524537214278473,2020-7-8 22:06,6563,2597,4524590271975567,2020-7-9 01:37,3328
4,b'ZKN',2020-07-22 00:37:36,2020-07-08 21:44:00,http://www.weibo.com/1649818571/JaibaypVT?from=page_1005051649818571_profile&wvr=6&mod=weibotime,143479,34719,63869,4524583371927247,2020-7-9 01:10,4760,4453,4524590271975567,2020-7-9 01:37,3328
5,b'ZKN',2020-07-22 00:37:42,2020-07-03 18:52:00,http://www.weibo.com/1649818571/J9vUSyddY?from=page_1005051649818571_profile&wvr=6&mod=weibotime,201155,39891,85826,4522698577615775,2020-7-3 20:20,7910,6463,4522698476681579,2020-7-3 20:20,4702
5,b'ZKN',2020-07-22 00:37:42,2020-07-03 18:52:00,http://www.weibo.com/1649818571/J9vUSyddY?from=page_1005051649818571_profile&wvr=6&mod=weibotime,201155,39891,85826,4522698577615775,2020-7-3 20:20,7910,6463,4522699064084662,2020-7-3 20:22,4468
6,b'ZKN',2020-07-22 00:37:51,2020-07-01 18:00:00,http://www.weibo.com/1649818571/J9cII0okO?from=page_1005051649818571_profile&wvr=6&mod=weibotime,165563,61134,103443,4521967703088987,2020-7-1 19:56,7027,4017,,,
7,b'ZKN',2020-07-22 00:37:55,2020-06-25 21:16:00,http://www.weibo.com/1649818571/J8jrssFUF?from=page_1005051649818571_profile&wvr=6&mod=weibotime,247370,35497,67913,4519889526234789,2020-6-26 02:18,12973,5690,,,
8,b'ZKN',2020-07-22 00:38:00,2020-06-23 16:40:00,http://www.weibo.com/1649818571/J7YMhq7PV?from=page_1005051649818571_profile&wvr=6&mod=weibotime,354817,54255,80486,4519077064563759,2020-6-23 20:29,20100,4317,4519020701217165,2020-6-23 16:45,13407
8,b'ZKN',2020-07-22 00:38:00,2020-06-23 16:40:00,http://www.weibo.com/1649818571/J7YMhq7PV?from=page_1005051649818571_profile&wvr=6&mod=weibotime,354817,54255,80486,4519081561298642,2020-6-23 20:47,10162,2414,4519020701217165,2020-6-23 16:45,13407
8,b'ZKN',2020-07-22 00:38:00,2020-06-23 16:40:00,http://www.weibo.com/1649818571/J7YMhq7PV?from=page_1005051649818571_profile&wvr=6&mod=weibotime,354817,54255,80486,4519081657430511,2020-6-23 20:48,9887,2366,4519020701217165,2020-6-23 16:45,13407
8,b'ZKN',2020-07-22 00:38:00,2020-06-23 16:40:00,http://www.weibo.com/1649818571/J7YMhq7PV?from=page_1005051649818571_profile&wvr=6&mod=weibotime,354817,54255,80486,4519076192225663,2020-6-23 20:26,9591,2758,4519020701217165,2020-6-23 16:45,13407
8,b'ZKN',2020-07-22 00:38:00,2020-06-23 16:40:00,http://www.weibo.com/1649818571/J7YMhq7PV?from=page_1005051649818571_profile&wvr=6&mod=weibotime,354817,54255,80486,4519076259020655,2020-6-23 20:26,8910,2584,4519020701217165,2020-6-23 16:45,13407
8,b'ZKN',2020-07-22 00:38:00,2020-06-23 16:40:00,http://www.weibo.com/1649818571/J7YMhq7PV?from=page_1005051649818571_profile&wvr=6&mod=weibotime,354817,54255,80486,4519077529578333,2020-6-23 20:31,8333,2824,4519020701217165,2020-6-23 16:45,13407
8,b'ZKN',2020-07-22 00:38:00,2020-06-23 16:40:00,http://www.weibo.com/1649818571/J7YMhq7PV?from=page_1005051649818571_profile&wvr=6&mod=weibotime,354817,54255,80486,4519076494403911,2020-6-23 20:27,8320,1484,4519020701217165,2020-6-23 16:45,13407
8,b'ZKN',2020-07-22 00:38:00,2020-06-23 16:40:00,http://www.weibo.com/1649818571/J7YMhq7PV?from=page_1005051649818571_profile&wvr=6&mod=weibotime,354817,54255,80486,4519082063370783,2020-6-23 20:49,7814,1689,4519020701217165,2020-6-23 16:45,13407
0,b'ZKN',2020-07-22 00:45:04,2020-07-19 13:16:00,http://www.weibo.com/1649818571/JbUyuBedA?from=page_1005051649818571_profile&wvr=6&mod=weibotime,120116,29718,42858,4528392298571520,2020-7-19 13:25,4968,2117,,,
0,b'ZKN',2020-07-22 00:45:04,2020-07-19 13:16:00,http://www.weibo.com/1649818571/JbUyuBedA?from=page_1005051649818571_profile&wvr=6&mod=weibotime,120116,29718,42858,4528393359720914,2020-7-19 13:29,4802,1549,,,
0,b'ZKN',2020-07-22 00:45:04,2020-07-19 13:16:00,http://www.weibo.com/1649818571/JbUyuBedA?from=page_1005051649818571_profile&wvr=6&mod=weibotime,120116,29718,42858,4528393669848039,2020-7-19 13:30,4308,1871,,,
1,b'ZKN',2020-07-22 00:45:17,2020-07-17 18:15:00,http://www.weibo.com/1649818571/JbDEXypef?from=page_1005051649818571_profile&wvr=6&mod=weibotime,131956,33304,59702,4527741937913334,2020-7-17 18:21,6360,4390,,,
1,b'ZKN',2020-07-22 00:45:17,2020-07-17 18:15:00,http://www.weibo.com/1649818571/JbDEXypef?from=page_1005051649818571_profile&wvr=6&mod=weibotime,131956,33304,59702,4527741820995910,2020-7-17 18:20,5995,3829,,,
1,b'ZKN',2020-07-22 00:45:17,2020-07-17 18:15:00,http://www.weibo.com/1649818571/JbDEXypef?from=page_1005051649818571_profile&wvr=6&mod=weibotime,131956,33304,59702,4527741862416124,2020-7-17 18:20,3965,1738,,,
1,b'ZKN',2020-07-22 00:45:17,2020-07-17 18:15:00,http://www.weibo.com/1649818571/JbDEXypef?from=page_1005051649818571_profile&wvr=6&mod=weibotime,131956,33304,59702,4527742010263294,2020-7-17 18:21,5734,3678,,,
2,b'ZKN',2020-07-22 00:45:24,2020-07-14 13:58:00,http://www.weibo.com/1649818571/Jb9GPvvm1?from=page_1005051649818571_profile&wvr=6&mod=weibotime,145740,41309,85302,4526593307641400,2020-7-14 14:16,6561,3787,4526594980713085,2020-7-14 14:23,4223
2,b'ZKN',2020-07-22 00:45:24,2020-07-14 13:58:00,http://www.weibo.com/1649818571/Jb9GPvvm1?from=page_1005051649818571_profile&wvr=6&mod=weibotime,145740,41309,85302,4526593307641400,2020-7-14 14:16,6561,3787,4526594431811573,2020-7-14 14:21,4135
2,b'ZKN',2020-07-22 00:45:24,2020-07-14 13:58:00,http://www.weibo.com/1649818571/Jb9GPvvm1?from=page_1005051649818571_profile&wvr=6&mod=weibotime,145740,41309,85302,4526593307641400,2020-7-14 14:16,6561,3787,4526597665374972,2020-7-14 14:34,3872
2,b'ZKN',2020-07-22 00:45:24,2020-07-14 13:58:00,http://www.weibo.com/1649818571/Jb9GPvvm1?from=page_1005051649818571_profile&wvr=6&mod=weibotime,145740,41309,85302,4526594285075592,2020-7-14 14:20,6001,8249,4526594980713085,2020-7-14 14:23,4223
2,b'ZKN',2020-07-22 00:45:24,2020-07-14 13:58:00,http://www.weibo.com/1649818571/Jb9GPvvm1?from=page_1005051649818571_profile&wvr=6&mod=weibotime,145740,41309,85302,4526594285075592,2020-7-14 14:20,6001,8249,4526594431811573,2020-7-14 14:21,4135
2,b'ZKN',2020-07-22 00:45:24,2020-07-14 13:58:00,http://www.weibo.com/1649818571/Jb9GPvvm1?from=page_1005051649818571_profile&wvr=6&mod=weibotime,145740,41309,85302,4526594285075592,2020-7-14 14:20,6001,8249,4526597665374972,2020-7-14 14:34,3872
2,b'ZKN',2020-07-22 00:45:24,2020-07-14 13:58:00,http://www.weibo.com/1649818571/Jb9GPvvm1?from=page_1005051649818571_profile&wvr=6&mod=weibotime,145740,41309,85302,4526597597707708,2020-7-14 14:33,5794,5559,4526597665374972,2020-7-14 14:34,3872
2,b'ZKN',2020-07-22 00:45:24,2020-07-14 13:58:00,http://www.weibo.com/1649818571/Jb9GPvvm1?from=page_1005051649818571_profile&wvr=6&mod=weibotime,145740,41309,85302,4526597597707708,2020-7-14 14:33,5794,5559,4526594980713085,2020-7-14 14:23,4223
2,b'ZKN',2020-07-22 00:45:24,2020-07-14 13:58:00,http://www.weibo.com/1649818571/Jb9GPvvm1?from=page_1005051649818571_profile&wvr=6&mod=weibotime,145740,41309,85302,4526597597707708,2020-7-14 14:33,5794,5559,4526594431811573,2020-7-14 14:21,4135
2,b'ZKN',2020-07-22 00:45:24,2020-07-14 13:58:00,http://www.weibo.com/1649818571/Jb9GPvvm1?from=page_1005051649818571_profile&wvr=6&mod=weibotime,145740,41309,85302,4526591748057820,2020-7-14 14:10,5780,3512,4526594980713085,2020-7-14 14:23,4223
2,b'ZKN',2020-07-22 00:45:24,2020-07-14 13:58:00,http://www.weibo.com/1649818571/Jb9GPvvm1?from=page_1005051649818571_profile&wvr=6&mod=weibotime,145740,41309,85302,4526591748057820,2020-7-14 14:10,5780,3512,4526594431811573,2020-7-14 14:21,4135
2,b'ZKN',2020-07-22 00:45:24,2020-07-14 13:58:00,http://www.weibo.com/1649818571/Jb9GPvvm1?from=page_1005051649818571_profile&wvr=6&mod=weibotime,145740,41309,85302,4526591748057820,2020-7-14 14:10,5780,3512,4526597665374972,2020-7-14 14:34,3872
3,b'ZKN',2020-07-22 00:45:31,2020-07-11 14:45:00,http://www.weibo.com/1649818571/JaHIzdZ8g?from=page_1005051649818571_profile&wvr=6&mod=weibotime,139133,30332,56474,4525514004040405,2020-7-11 14:48,7591,3824,,,
3,b'ZKN',2020-07-22 00:45:31,2020-07-11 14:45:00,http://www.weibo.com/1649818571/JaHIzdZ8g?from=page_1005051649818571_profile&wvr=6&mod=weibotime,139133,30332,56474,4525515782668986,2020-7-11 14:55,7172,3573,,,
3,b'ZKN',2020-07-22 00:45:31,2020-07-11 14:45:00,http://www.weibo.com/1649818571/JaHIzdZ8g?from=page_1005051649818571_profile&wvr=6&mod=weibotime,139133,30332,56474,4525514486624361,2020-7-11 14:49,6919,2663,,,
4,b'ZKN',2020-07-22 00:45:36,2020-07-08 21:44:00,http://www.weibo.com/1649818571/JaibaypVT?from=page_1005051649818571_profile&wvr=6&mod=weibotime,143480,34719,63869,4524537570190123,2020-7-8 22:08,6765,2556,4524590271975567,2020-7-9 01:37,3328
4,b'ZKN',2020-07-22 00:45:36,2020-07-08 21:44:00,http://www.weibo.com/1649818571/JaibaypVT?from=page_1005051649818571_profile&wvr=6&mod=weibotime,143480,34719,63869,4524537214278473,2020-7-8 22:06,6563,2597,4524590271975567,2020-7-9 01:37,3328
4,b'ZKN',2020-07-22 00:45:36,2020-07-08 21:44:00,http://www.weibo.com/1649818571/JaibaypVT?from=page_1005051649818571_profile&wvr=6&mod=weibotime,143480,34719,63869,4524583371927247,2020-7-9 01:10,4760,4453,4524590271975567,2020-7-9 01:37,3328
5,b'ZKN',2020-07-22 00:45:42,2020-07-03 18:52:00,http://www.weibo.com/1649818571/J9vUSyddY?from=page_1005051649818571_profile&wvr=6&mod=weibotime,201156,39891,85826,4522698577615775,2020-7-3 20:20,7910,6463,4522698476681579,2020-7-3 20:20,4702
5,b'ZKN',2020-07-22 00:45:42,2020-07-03 18:52:00,http://www.weibo.com/1649818571/J9vUSyddY?from=page_1005051649818571_profile&wvr=6&mod=weibotime,201156,39891,85826,4522698577615775,2020-7-3 20:20,7910,6463,4522699064084662,2020-7-3 20:22,4468
6,b'ZKN',2020-07-22 00:46:01,2020-07-01 18:00:00,http://www.weibo.com/1649818571/J9cII0okO?from=page_1005051649818571_profile&wvr=6&mod=weibotime,165563,61134,103443,4521967703088987,2020-7-1 19:56,7027,4017,,,
7,b'ZKN',2020-07-22 00:46:07,2020-06-25 21:16:00,http://www.weibo.com/1649818571/J8jrssFUF?from=page_1005051649818571_profile&wvr=6&mod=weibotime,247371,35497,67913,4519889526234789,2020-6-26 02:18,12973,5690,,,
8,b'ZKN',2020-07-22 00:46:10,2020-06-23 16:40:00,http://www.weibo.com/1649818571/J7YMhq7PV?from=page_1005051649818571_profile&wvr=6&mod=weibotime,354819,54255,80486,4519077064563759,2020-6-23 20:29,20100,4317,4519020701217165,2020-6-23 16:45,13407
8,b'ZKN',2020-07-22 00:46:10,2020-06-23 16:40:00,http://www.weibo.com/1649818571/J7YMhq7PV?from=page_1005051649818571_profile&wvr=6&mod=weibotime,354819,54255,80486,4519081561298642,2020-6-23 20:47,10162,2414,4519020701217165,2020-6-23 16:45,13407
8,b'ZKN',2020-07-22 00:46:10,2020-06-23 16:40:00,http://www.weibo.com/1649818571/J7YMhq7PV?from=page_1005051649818571_profile&wvr=6&mod=weibotime,354819,54255,80486,4519081657430511,2020-6-23 20:48,9887,2366,4519020701217165,2020-6-23 16:45,13407
8,b'ZKN',2020-07-22 00:46:10,2020-06-23 16:40:00,http://www.weibo.com/1649818571/J7YMhq7PV?from=page_1005051649818571_profile&wvr=6&mod=weibotime,354819,54255,80486,4519076192225663,2020-6-23 20:26,9591,2758,4519020701217165,2020-6-23 16:45,13407
8,b'ZKN',2020-07-22 00:46:10,2020-06-23 16:40:00,http://www.weibo.com/1649818571/J7YMhq7PV?from=page_1005051649818571_profile&wvr=6&mod=weibotime,354819,54255,80486,4519076259020655,2020-6-23 20:26,8910,2584,4519020701217165,2020-6-23 16:45,13407
8,b'ZKN',2020-07-22 00:46:10,2020-06-23 16:40:00,http://www.weibo.com/1649818571/J7YMhq7PV?from=page_1005051649818571_profile&wvr=6&mod=weibotime,354819,54255,80486,4519077529578333,2020-6-23 20:31,8333,2824,4519020701217165,2020-6-23 16:45,13407
8,b'ZKN',2020-07-22 00:46:10,2020-06-23 16:40:00,http://www.weibo.com/1649818571/J7YMhq7PV?from=page_1005051649818571_profile&wvr=6&mod=weibotime,354819,54255,80486,4519076494403911,2020-6-23 20:27,8320,1484,4519020701217165,2020-6-23 16:45,13407
8,b'ZKN',2020-07-22 00:46:10,2020-06-23 16:40:00,http://www.weibo.com/1649818571/J7YMhq7PV?from=page_1005051649818571_profile&wvr=6&mod=weibotime,354819,54255,80486,4519082063370783,2020-6-23 20:49,7814,1689,4519020701217165,2020-6-23 16:45,13407
0,b'XKY',2020-07-21 11:42:05,2020-07-20 22:32:00,http://www.weibo.com/3081216591/Jc7CEucfx?from=page_1005053081216591_profile&wvr=6&mod=weibotime,235743,31745,86728,4528893078541140,2020-7-20 22:35,10670,7850,,,
1,b'XKY',2020-07-21 11:42:14,2020-07-19 14:16:00,http://www.weibo.com/3081216591/JbUX02HLo?from=page_1005053081216591_profile&wvr=6&mod=weibotime,82596,16727,85954,,,,,,,
2,b'XKY',2020-07-21 11:42:21,2020-07-18 10:00:00,http://www.weibo.com/3081216591/JbJQdgq5S?from=page_1005053081216591_profile&wvr=6&mod=weibotime,216200,22168,151110,,,,,,,
3,b'XKY',2020-07-21 11:42:29,2020-07-15 18:52:00,http://www.weibo.com/3081216591/Jbl2UzAJJ?from=page_1005053081216591_profile&wvr=6&mod=weibotime,315471,50549,243350,4527025483942241,2020-7-15 18:54,13900,5129,4527397884401945,2020-7-16 19:33,2288
3,b'XKY',2020-07-21 11:42:29,2020-07-15 18:52:00,http://www.weibo.com/3081216591/Jbl2UzAJJ?from=page_1005053081216591_profile&wvr=6&mod=weibotime,315471,50549,243350,4527025483942241,2020-7-15 18:54,13900,5129,4527397799465240,2020-7-16 19:33,2288
3,b'XKY',2020-07-21 11:42:29,2020-07-15 18:52:00,http://www.weibo.com/3081216591/Jbl2UzAJJ?from=page_1005053081216591_profile&wvr=6&mod=weibotime,315471,50549,243350,4527035046694697,2020-7-15 19:32,11499,3568,4527397884401945,2020-7-16 19:33,2288
3,b'XKY',2020-07-21 11:42:29,2020-07-15 18:52:00,http://www.weibo.com/3081216591/Jbl2UzAJJ?from=page_1005053081216591_profile&wvr=6&mod=weibotime,315471,50549,243350,4527035046694697,2020-7-15 19:32,11499,3568,4527397799465240,2020-7-16 19:33,2288
3,b'XKY',2020-07-21 11:42:29,2020-07-15 18:52:00,http://www.weibo.com/3081216591/Jbl2UzAJJ?from=page_1005053081216591_profile&wvr=6&mod=weibotime,315471,50549,243350,4527035404256323,2020-7-15 19:33,11075,3091,4527397884401945,2020-7-16 19:33,2288
3,b'XKY',2020-07-21 11:42:29,2020-07-15 18:52:00,http://www.weibo.com/3081216591/Jbl2UzAJJ?from=page_1005053081216591_profile&wvr=6&mod=weibotime,315471,50549,243350,4527035404256323,2020-7-15 19:33,11075,3091,4527397799465240,2020-7-16 19:33,2288
4,b'XKY',2020-07-21 11:43:00,2020-07-11 12:18:00,http://www.weibo.com/3081216591/JaGL6mgw7?from=page_1005053081216591_profile&wvr=6&mod=weibotime,319374,50135,227912,4525478914579985,2020-7-11 12:28,11824,9443,,,
5,b'XKY',2020-07-21 11:43:08,2020-07-08 17:55:00,http://www.weibo.com/3081216591/JagG7Bvdo?from=page_1005053081216591_profile&wvr=6&mod=weibotime,350120,46543,182104,4524476336733865,2020-7-8 18:04,13149,7700,,,
6,b'XKY',2020-07-21 11:43:13,2020-07-04 18:29:00,http://www.weibo.com/3081216591/J9FcbEwIb?from=page_1005053081216591_profile&wvr=6&mod=weibotime,115855,15494,195049,,,,,,,
7,b'XKY',2020-07-21 11:43:19,2020-07-04 13:36:00,http://www.weibo.com/3081216591/J9Dh4owEH?from=page_1005053081216591_profile&wvr=6&mod=weibotime,338011,40779,233660,4522961694137883,2020-7-4 13:46,11748,4340,,,
7,b'XKY',2020-07-21 11:43:19,2020-07-04 13:36:00,http://www.weibo.com/3081216591/J9Dh4owEH?from=page_1005053081216591_profile&wvr=6&mod=weibotime,338011,40779,233660,4522961816671549,2020-7-4 13:46,11335,3327,,,
8,b'XKY',2020-07-21 11:44:07,2020-06-28 10:30:00,http://www.weibo.com/3081216591/J8HusbAFN?from=page_1005053081216591_profile&wvr=6&mod=weibotime,143672,25462,208469,,,,,,,
9,b'XKY',2020-07-21 11:44:12,2020-06-25 20:48:00,http://www.weibo.com/3081216591/J8jg27YdG?from=page_1005053081216591_profile&wvr=6&mod=weibotime,598258,172151,234359,,,,,4520058657077925,2020-6-26 13:30,15389
10,b'XKY',2020-07-21 11:44:16,2020-06-22 12:39:00,http://www.weibo.com/3081216591/J7NMc7E9e?from=page_1005053081216591_profile&wvr=6&mod=weibotime,306396,36143,136119,4518596540612171,2020-6-22 12:40,15566,4746,,,
11,b'XKY',2020-07-21 11:44:20,2020-06-21 11:43:00,http://www.weibo.com/3081216591/J7DYXtipf?from=page_1005053081216591_profile&wvr=6&mod=weibotime,198113,16416,43987,,,,,,,
0,b'XKY',2020-07-21 22:35:44,2020-07-20 22:32:00,http://www.weibo.com/3081216591/Jc7CEucfx?from=page_1005053081216591_profile&wvr=6&mod=weibotime,283788,44284,165674,4528893078541140,2020-7-20 22:35,15288,12245,,,
1,b'XKY',2020-07-21 22:35:51,2020-07-19 14:16:00,http://www.weibo.com/3081216591/JbUX02HLo?from=page_1005053081216591_profile&wvr=6&mod=weibotime,86654,20157,86394,,,,,,,
2,b'XKY',2020-07-21 22:35:56,2020-07-18 10:00:00,http://www.weibo.com/3081216591/JbJQdgq5S?from=page_1005053081216591_profile&wvr=6&mod=weibotime,219781,25538,151261,,,,,,,
3,b'XKY',2020-07-21 22:36:04,2020-07-15 18:52:00,http://www.weibo.com/3081216591/Jbl2UzAJJ?from=page_1005053081216591_profile&wvr=6&mod=weibotime,332122,66088,243509,4527025483942241,2020-7-15 18:54,16536,7613,4527397884401945,2020-7-16 19:33,4728
3,b'XKY',2020-07-21 22:36:04,2020-07-15 18:52:00,http://www.weibo.com/3081216591/Jbl2UzAJJ?from=page_1005053081216591_profile&wvr=6&mod=weibotime,332122,66088,243509,4527025483942241,2020-7-15 18:54,16536,7613,4527397799465240,2020-7-16 19:33,4670
3,b'XKY',2020-07-21 22:36:04,2020-07-15 18:52:00,http://www.weibo.com/3081216591/Jbl2UzAJJ?from=page_1005053081216591_profile&wvr=6&mod=weibotime,332122,66088,243509,4527035046694697,2020-7-15 19:32,14137,6036,4527397884401945,2020-7-16 19:33,4728
3,b'XKY',2020-07-21 22:36:04,2020-07-15 18:52:00,http://www.weibo.com/3081216591/Jbl2UzAJJ?from=page_1005053081216591_profile&wvr=6&mod=weibotime,332122,66088,243509,4527035046694697,2020-7-15 19:32,14137,6036,4527397799465240,2020-7-16 19:33,4670
3,b'XKY',2020-07-21 22:36:04,2020-07-15 18:52:00,http://www.weibo.com/3081216591/Jbl2UzAJJ?from=page_1005053081216591_profile&wvr=6&mod=weibotime,332122,66088,243509,4527035404256323,2020-7-15 19:33,13670,5511,4527397884401945,2020-7-16 19:33,4728
3,b'XKY',2020-07-21 22:36:04,2020-07-15 18:52:00,http://www.weibo.com/3081216591/Jbl2UzAJJ?from=page_1005053081216591_profile&wvr=6&mod=weibotime,332122,66088,243509,4527035404256323,2020-7-15 19:33,13670,5511,4527397799465240,2020-7-16 19:33,4670
4,b'XKY',2020-07-21 22:36:13,2020-07-11 12:18:00,http://www.weibo.com/3081216591/JaGL6mgw7?from=page_1005053081216591_profile&wvr=6&mod=weibotime,325000,55691,228047,4525478914579985,2020-7-11 12:28,14336,11750,,,
5,b'XKY',2020-07-21 22:36:24,2020-07-08 17:55:00,http://www.weibo.com/3081216591/JagG7Bvdo?from=page_1005053081216591_profile&wvr=6&mod=weibotime,355658,52036,182235,4524476336733865,2020-7-8 18:04,15650,9978,,,
6,b'XKY',2020-07-21 22:36:28,2020-07-04 18:29:00,http://www.weibo.com/3081216591/J9FcbEwIb?from=page_1005053081216591_profile&wvr=6&mod=weibotime,118648,18663,199170,,,,,,,
7,b'XKY',2020-07-21 22:36:32,2020-07-04 13:36:00,http://www.weibo.com/3081216591/J9Dh4owEH?from=page_1005053081216591_profile&wvr=6&mod=weibotime,345797,48452,233773,4522961694137883,2020-7-4 13:46,14207,6602,,,
7,b'XKY',2020-07-21 22:36:32,2020-07-04 13:36:00,http://www.weibo.com/3081216591/J9Dh4owEH?from=page_1005053081216591_profile&wvr=6&mod=weibotime,345797,48452,233773,4522961816671549,2020-7-4 13:46,13775,5548,,,
8,b'XKY',2020-07-21 22:36:36,2020-06-28 10:30:00,http://www.weibo.com/3081216591/J8HusbAFN?from=page_1005053081216591_profile&wvr=6&mod=weibotime,146450,28574,208567,,,,,,,
9,b'XKY',2020-07-21 22:36:41,2020-06-25 20:48:00,http://www.weibo.com/3081216591/J8jg27YdG?from=page_1005053081216591_profile&wvr=6&mod=weibotime,607050,177959,234461,,,,,4520058657077925,2020-6-26 13:30,17781
10,b'XKY',2020-07-21 22:36:48,2020-06-22 12:39:00,http://www.weibo.com/3081216591/J7NMc7E9e?from=page_1005053081216591_profile&wvr=6&mod=weibotime,307289,36993,136219,4518596540612171,2020-6-22 12:40,15658,4865,,,
11,b'XKY',2020-07-21 22:36:52,2020-06-21 11:43:00,http://www.weibo.com/3081216591/J7DYXtipf?from=page_1005053081216591_profile&wvr=6&mod=weibotime,198308,16561,44088,,,,,,,
0,b'XKY',2020-07-21 22:57:14,2020-07-20 22:32:00,http://www.weibo.com/3081216591/Jc7CEucfx?from=page_1005053081216591_profile&wvr=6&mod=weibotime,285112,44464,168994,4528893078541140,2020-7-20 22:35,15389,12319,,,
1,b'XKY',2020-07-21 22:57:26,2020-07-19 14:16:00,http://www.weibo.com/3081216591/JbUX02HLo?from=page_1005053081216591_profile&wvr=6&mod=weibotime,86686,20166,86449,,,,,,,
2,b'XKY',2020-07-21 22:57:38,2020-07-18 10:00:00,http://www.weibo.com/3081216591/JbJQdgq5S?from=page_1005053081216591_profile&wvr=6&mod=weibotime,219798,25550,151266,,,,,,,
3,b'XKY',2020-07-21 22:57:45,2020-07-15 18:52:00,http://www.weibo.com/3081216591/Jbl2UzAJJ?from=page_1005053081216591_profile&wvr=6&mod=weibotime,332695,66624,243514,4527025483942241,2020-7-15 18:54,16586,7658,4527397884401945,2020-7-16 19:33,4927
3,b'XKY',2020-07-21 22:57:45,2020-07-15 18:52:00,http://www.weibo.com/3081216591/Jbl2UzAJJ?from=page_1005053081216591_profile&wvr=6&mod=weibotime,332695,66624,243514,4527025483942241,2020-7-15 18:54,16586,7658,4527397799465240,2020-7-16 19:33,4864
3,b'XKY',2020-07-21 22:57:45,2020-07-15 18:52:00,http://www.weibo.com/3081216591/Jbl2UzAJJ?from=page_1005053081216591_profile&wvr=6&mod=weibotime,332695,66624,243514,4527035046694697,2020-7-15 19:32,14189,6101,4527397884401945,2020-7-16 19:33,4927
3,b'XKY',2020-07-21 22:57:45,2020-07-15 18:52:00,http://www.weibo.com/3081216591/Jbl2UzAJJ?from=page_1005053081216591_profile&wvr=6&mod=weibotime,332695,66624,243514,4527035046694697,2020-7-15 19:32,14189,6101,4527397799465240,2020-7-16 19:33,4864
3,b'XKY',2020-07-21 22:57:45,2020-07-15 18:52:00,http://www.weibo.com/3081216591/Jbl2UzAJJ?from=page_1005053081216591_profile&wvr=6&mod=weibotime,332695,66624,243514,4527035404256323,2020-7-15 19:33,13717,5551,4527397884401945,2020-7-16 19:33,4927
3,b'XKY',2020-07-21 22:57:45,2020-07-15 18:52:00,http://www.weibo.com/3081216591/Jbl2UzAJJ?from=page_1005053081216591_profile&wvr=6&mod=weibotime,332695,66624,243514,4527035404256323,2020-7-15 19:33,13717,5551,4527397799465240,2020-7-16 19:33,4864
4,b'XKY',2020-07-21 22:57:51,2020-07-11 12:18:00,http://www.weibo.com/3081216591/JaGL6mgw7?from=page_1005053081216591_profile&wvr=6&mod=weibotime,325106,55746,228051,4525478914579985,2020-7-11 12:28,14383,11788,,,
5,b'XKY',2020-07-21 22:57:58,2020-07-08 17:55:00,http://www.weibo.com/3081216591/JagG7Bvdo?from=page_1005053081216591_profile&wvr=6&mod=weibotime,355720,52084,182237,4524476336733865,2020-7-8 18:04,15698,10020,,,
6,b'XKY',2020-07-21 22:58:04,2020-07-04 18:29:00,http://www.weibo.com/3081216591/J9FcbEwIb?from=page_1005053081216591_profile&wvr=6&mod=weibotime,118662,18670,199203,,,,,,,
7,b'XKY',2020-07-21 22:58:09,2020-07-04 13:36:00,http://www.weibo.com/3081216591/J9Dh4owEH?from=page_1005053081216591_profile&wvr=6&mod=weibotime,345923,48545,233780,4522961694137883,2020-7-4 13:46,14264,6647,,,
7,b'XKY',2020-07-21 22:58:09,2020-07-04 13:36:00,http://www.weibo.com/3081216591/J9Dh4owEH?from=page_1005053081216591_profile&wvr=6&mod=weibotime,345923,48545,233780,4522961816671549,2020-7-4 13:46,13831,5591,,,
8,b'XKY',2020-07-21 22:58:15,2020-06-28 10:30:00,http://www.weibo.com/3081216591/J8HusbAFN?from=page_1005053081216591_profile&wvr=6&mod=weibotime,146457,28581,208574,,,,,,,
9,b'XKY',2020-07-21 22:58:21,2020-06-25 20:48:00,http://www.weibo.com/3081216591/J8jg27YdG?from=page_1005053081216591_profile&wvr=6&mod=weibotime,607331,178212,234468,,,,,4520058657077925,2020-6-26 13:30,18006
10,b'XKY',2020-07-21 22:58:27,2020-06-22 12:39:00,http://www.weibo.com/3081216591/J7NMc7E9e?from=page_1005053081216591_profile&wvr=6&mod=weibotime,307309,37007,136229,4518596540612171,2020-6-22 12:40,15665,4871,,,
11,b'XKY',2020-07-21 22:58:33,2020-06-21 11:43:00,http://www.weibo.com/3081216591/J7DYXtipf?from=page_1005053081216591_profile&wvr=6&mod=weibotime,198318,16569,44096,,,,,,,
0,b'XKY',2020-07-21 23:02:32,2020-07-20 22:32:00,http://www.weibo.com/3081216591/Jc7CEucfx?from=page_1005053081216591_profile&wvr=6&mod=weibotime,285419,44586,169491,4528893078541140,2020-7-20 22:35,15464,12390,,,
1,b'XKY',2020-07-21 23:02:50,2020-07-19 14:16:00,http://www.weibo.com/3081216591/JbUX02HLo?from=page_1005053081216591_profile&wvr=6&mod=weibotime,86694,20166,86449,,,,,,,
2,b'XKY',2020-07-21 23:02:56,2020-07-18 10:00:00,http://www.weibo.com/3081216591/JbJQdgq5S?from=page_1005053081216591_profile&wvr=6&mod=weibotime,219806,25552,151268,,,,,,,
3,b'XKY',2020-07-21 23:03:04,2020-07-15 18:52:00,http://www.weibo.com/3081216591/Jbl2UzAJJ?from=page_1005053081216591_profile&wvr=6&mod=weibotime,333245,67173,243515,4527025483942241,2020-7-15 18:54,16639,7716,4527397884401945,2020-7-16 19:33,5102
3,b'XKY',2020-07-21 23:03:04,2020-07-15 18:52:00,http://www.weibo.com/3081216591/Jbl2UzAJJ?from=page_1005053081216591_profile&wvr=6&mod=weibotime,333245,67173,243515,4527025483942241,2020-7-15 18:54,16639,7716,4527397799465240,2020-7-16 19:33,5039
3,b'XKY',2020-07-21 23:03:04,2020-07-15 18:52:00,http://www.weibo.com/3081216591/Jbl2UzAJJ?from=page_1005053081216591_profile&wvr=6&mod=weibotime,333245,67173,243515,4527035046694697,2020-7-15 19:32,14244,6162,4527397884401945,2020-7-16 19:33,5102
3,b'XKY',2020-07-21 23:03:04,2020-07-15 18:52:00,http://www.weibo.com/3081216591/Jbl2UzAJJ?from=page_1005053081216591_profile&wvr=6&mod=weibotime,333245,67173,243515,4527035046694697,2020-7-15 19:32,14244,6162,4527397799465240,2020-7-16 19:33,5039
3,b'XKY',2020-07-21 23:03:04,2020-07-15 18:52:00,http://www.weibo.com/3081216591/Jbl2UzAJJ?from=page_1005053081216591_profile&wvr=6&mod=weibotime,333245,67173,243515,4527035404256323,2020-7-15 19:33,13771,5604,4527397884401945,2020-7-16 19:33,5102
3,b'XKY',2020-07-21 23:03:04,2020-07-15 18:52:00,http://www.weibo.com/3081216591/Jbl2UzAJJ?from=page_1005053081216591_profile&wvr=6&mod=weibotime,333245,67173,243515,4527035404256323,2020-7-15 19:33,13771,5604,4527397799465240,2020-7-16 19:33,5039
4,b'XKY',2020-07-21 23:03:13,2020-07-11 12:18:00,http://www.weibo.com/3081216591/JaGL6mgw7?from=page_1005053081216591_profile&wvr=6&mod=weibotime,325171,55807,228053,4525478914579985,2020-7-11 12:28,14437,11845,,,
5,b'XKY',2020-07-21 23:03:19,2020-07-08 17:55:00,http://www.weibo.com/3081216591/JagG7Bvdo?from=page_1005053081216591_profile&wvr=6&mod=weibotime,355780,52141,182238,4524476336733865,2020-7-8 18:04,15748,10074,,,
6,b'XKY',2020-07-21 23:03:26,2020-07-04 18:29:00,http://www.weibo.com/3081216591/J9FcbEwIb?from=page_1005053081216591_profile&wvr=6&mod=weibotime,118663,18673,199212,,,,,,,
7,b'XKY',2020-07-21 23:03:34,2020-07-04 13:36:00,http://www.weibo.com/3081216591/J9Dh4owEH?from=page_1005053081216591_profile&wvr=6&mod=weibotime,346019,48654,233782,4522961694137883,2020-7-4 13:46,14310,6700,,,
7,b'XKY',2020-07-21 23:03:34,2020-07-04 13:36:00,http://www.weibo.com/3081216591/J9Dh4owEH?from=page_1005053081216591_profile&wvr=6&mod=weibotime,346019,48654,233782,4522961816671549,2020-7-4 13:46,13876,5644,,,
8,b'XKY',2020-07-21 23:03:41,2020-06-28 10:30:00,http://www.weibo.com/3081216591/J8HusbAFN?from=page_1005053081216591_profile&wvr=6&mod=weibotime,146462,28583,208577,,,,,,,
9,b'XKY',2020-07-21 23:03:49,2020-06-25 20:48:00,http://www.weibo.com/3081216591/J8jg27YdG?from=page_1005053081216591_profile&wvr=6&mod=weibotime,607507,178383,234469,,,,,4520058657077925,2020-6-26 13:30,18170
10,b'XKY',2020-07-21 23:03:55,2020-06-22 12:39:00,http://www.weibo.com/3081216591/J7NMc7E9e?from=page_1005053081216591_profile&wvr=6&mod=weibotime,307311,37009,136230,4518596540612171,2020-6-22 12:40,15666,4872,,,
11,b'XKY',2020-07-21 23:04:00,2020-06-21 11:43:00,http://www.weibo.com/3081216591/J7DYXtipf?from=page_1005053081216591_profile&wvr=6&mod=weibotime,198318,16569,44096,,,,,,,
0,b'XKY',2020-07-21 23:18:59,2020-07-20 22:32:00,http://www.weibo.com/3081216591/Jc7CEucfx?from=page_1005053081216591_profile&wvr=6&mod=weibotime,288319,45218,171110,4528893078541140,2020-7-20 22:35,15521,12529,4529262469855242,16分钟前,317
0,b'XKY',2020-07-21 23:18:59,2020-07-20 22:32:00,http://www.weibo.com/3081216591/Jc7CEucfx?from=page_1005053081216591_profile&wvr=6&mod=weibotime,288319,45218,171110,4528893078541140,2020-7-20 22:35,15521,12529,4529262616909159,16分钟前,484
0,b'XKY',2020-07-21 23:18:59,2020-07-20 22:32:00,http://www.weibo.com/3081216591/Jc7CEucfx?from=page_1005053081216591_profile&wvr=6&mod=weibotime,288319,45218,171110,4528893078541140,2020-7-20 22:35,15521,12529,4529262860181872,15分钟前,499
1,b'XKY',2020-07-21 23:19:08,2020-07-19 14:16:00,http://www.weibo.com/3081216591/JbUX02HLo?from=page_1005053081216591_profile&wvr=6&mod=weibotime,86711,20172,86453,,,,,,,
2,b'XKY',2020-07-21 23:19:22,2020-07-18 10:00:00,http://www.weibo.com/3081216591/JbJQdgq5S?from=page_1005053081216591_profile&wvr=6&mod=weibotime,219818,25557,151271,,,,,,,
3,b'XKY',2020-07-21 23:19:33,2020-07-15 18:52:00,http://www.weibo.com/3081216591/Jbl2UzAJJ?from=page_1005053081216591_profile&wvr=6&mod=weibotime,333302,67233,243520,4527025483942241,2020-7-15 18:54,16648,7746,4527397884401945,2020-7-16 19:33,5106
3,b'XKY',2020-07-21 23:19:33,2020-07-15 18:52:00,http://www.weibo.com/3081216591/Jbl2UzAJJ?from=page_1005053081216591_profile&wvr=6&mod=weibotime,333302,67233,243520,4527025483942241,2020-7-15 18:54,16648,7746,4527397799465240,2020-7-16 19:33,5042
3,b'XKY',2020-07-21 23:19:33,2020-07-15 18:52:00,http://www.weibo.com/3081216591/Jbl2UzAJJ?from=page_1005053081216591_profile&wvr=6&mod=weibotime,333302,67233,243520,4527035046694697,2020-7-15 19:32,14252,6171,4527397884401945,2020-7-16 19:33,5106
3,b'XKY',2020-07-21 23:19:33,2020-07-15 18:52:00,http://www.weibo.com/3081216591/Jbl2UzAJJ?from=page_1005053081216591_profile&wvr=6&mod=weibotime,333302,67233,243520,4527035046694697,2020-7-15 19:32,14252,6171,4527397799465240,2020-7-16 19:33,5042
3,b'XKY',2020-07-21 23:19:33,2020-07-15 18:52:00,http://www.weibo.com/3081216591/Jbl2UzAJJ?from=page_1005053081216591_profile&wvr=6&mod=weibotime,333302,67233,243520,4527035404256323,2020-7-15 19:33,13778,5612,4527397799465240,2020-7-16 19:33,5042
3,b'XKY',2020-07-21 23:19:33,2020-07-15 18:52:00,http://www.weibo.com/3081216591/Jbl2UzAJJ?from=page_1005053081216591_profile&wvr=6&mod=weibotime,333302,67233,243520,4527035404256323,2020-7-15 19:33,13778,5612,4527397884401945,2020-7-16 19:33,5106
4,b'XKY',2020-07-21 23:19:41,2020-07-11 12:18:00,http://www.weibo.com/3081216591/JaGL6mgw7?from=page_1005053081216591_profile&wvr=6&mod=weibotime,325189,55816,228058,4525478914579985,2020-7-11 12:28,14439,11850,,,
5,b'XKY',2020-07-21 23:19:48,2020-07-08 17:55:00,http://www.weibo.com/3081216591/JagG7Bvdo?from=page_1005053081216591_profile&wvr=6&mod=weibotime,355787,52149,182241,4524476336733865,2020-7-8 18:04,15750,10078,,,
6,b'XKY',2020-07-21 23:19:52,2020-07-04 18:29:00,http://www.weibo.com/3081216591/J9FcbEwIb?from=page_1005053081216591_profile&wvr=6&mod=weibotime,118665,18675,199245,,,,,,,
7,b'XKY',2020-07-21 23:19:57,2020-07-04 13:36:00,http://www.weibo.com/3081216591/J9Dh4owEH?from=page_1005053081216591_profile&wvr=6&mod=weibotime,346026,48660,233784,4522961694137883,2020-7-4 13:46,14312,6702,,,
7,b'XKY',2020-07-21 23:19:57,2020-07-04 13:36:00,http://www.weibo.com/3081216591/J9Dh4owEH?from=page_1005053081216591_profile&wvr=6&mod=weibotime,346026,48660,233784,4522961816671549,2020-7-4 13:46,13878,5646,,,
8,b'XKY',2020-07-21 23:20:00,2020-06-28 10:30:00,http://www.weibo.com/3081216591/J8HusbAFN?from=page_1005053081216591_profile&wvr=6&mod=weibotime,146464,28584,208578,,,,,,,
9,b'XKY',2020-07-21 23:20:06,2020-06-25 20:48:00,http://www.weibo.com/3081216591/J8jg27YdG?from=page_1005053081216591_profile&wvr=6&mod=weibotime,607538,178406,234470,,,,,4520058657077925,2020-6-26 13:30,18172
10,b'XKY',2020-07-21 23:20:10,2020-06-22 12:39:00,http://www.weibo.com/3081216591/J7NMc7E9e?from=page_1005053081216591_profile&wvr=6&mod=weibotime,307314,37011,136232,4518596540612171,2020-6-22 12:40,15667,4873,,,
11,b'XKY',2020-07-21 23:20:15,2020-06-21 11:43:00,http://www.weibo.com/3081216591/J7DYXtipf?from=page_1005053081216591_profile&wvr=6&mod=weibotime,198322,16570,44097,,,,,,,
0,b'XKY',2020-07-22 00:27:35,2020-07-20 22:32:00,http://www.weibo.com/3081216591/Jc7CEucfx?from=page_1005053081216591_profile&wvr=6&mod=weibotime,296545,46867,175114,4528893078541140,2020-7-20 22:35,15689,12862,4529262469855242,2020-7-21 23:03,902
0,b'XKY',2020-07-22 00:27:35,2020-07-20 22:32:00,http://www.weibo.com/3081216591/Jc7CEucfx?from=page_1005053081216591_profile&wvr=6&mod=weibotime,296545,46867,175114,4528893078541140,2020-7-20 22:35,15689,12862,4529262616909159,2020-7-21 23:03,1328
0,b'XKY',2020-07-22 00:27:35,2020-07-20 22:32:00,http://www.weibo.com/3081216591/Jc7CEucfx?from=page_1005053081216591_profile&wvr=6&mod=weibotime,296545,46867,175114,4528893078541140,2020-7-20 22:35,15689,12862,4529262860181872,2020-7-21 23:04,1379
1,b'XKY',2020-07-22 00:27:49,2020-07-19 14:16:00,http://www.weibo.com/3081216591/JbUX02HLo?from=page_1005053081216591_profile&wvr=6&mod=weibotime,86844,20266,86467,,,,,,,
2,b'XKY',2020-07-22 00:27:59,2020-07-18 10:00:00,http://www.weibo.com/3081216591/JbJQdgq5S?from=page_1005053081216591_profile&wvr=6&mod=weibotime,219928,25635,151277,,,,,,,
3,b'XKY',2020-07-22 00:28:06,2020-07-15 18:52:00,http://www.weibo.com/3081216591/Jbl2UzAJJ?from=page_1005053081216591_profile&wvr=6&mod=weibotime,333773,67555,243530,4527025483942241,2020-7-15 18:54,16669,7757,4527397884401945,2020-7-16 19:33,5210
3,b'XKY',2020-07-22 00:28:06,2020-07-15 18:52:00,http://www.weibo.com/3081216591/Jbl2UzAJJ?from=page_1005053081216591_profile&wvr=6&mod=weibotime,333773,67555,243530,4527025483942241,2020-7-15 18:54,16669,7757,4527397799465240,2020-7-16 19:33,5141
3,b'XKY',2020-07-22 00:28:06,2020-07-15 18:52:00,http://www.weibo.com/3081216591/Jbl2UzAJJ?from=page_1005053081216591_profile&wvr=6&mod=weibotime,333773,67555,243530,4527035046694697,2020-7-15 19:32,14274,6198,4527397884401945,2020-7-16 19:33,5210
3,b'XKY',2020-07-22 00:28:06,2020-07-15 18:52:00,http://www.weibo.com/3081216591/Jbl2UzAJJ?from=page_1005053081216591_profile&wvr=6&mod=weibotime,333773,67555,243530,4527035046694697,2020-7-15 19:32,14274,6198,4527397799465240,2020-7-16 19:33,5141
3,b'XKY',2020-07-22 00:28:06,2020-07-15 18:52:00,http://www.weibo.com/3081216591/Jbl2UzAJJ?from=page_1005053081216591_profile&wvr=6&mod=weibotime,333773,67555,243530,4527035404256323,2020-7-15 19:33,13796,5622,4527397799465240,2020-7-16 19:33,5141
3,b'XKY',2020-07-22 00:28:06,2020-07-15 18:52:00,http://www.weibo.com/3081216591/Jbl2UzAJJ?from=page_1005053081216591_profile&wvr=6&mod=weibotime,333773,67555,243530,4527035404256323,2020-7-15 19:33,13796,5622,4527397884401945,2020-7-16 19:33,5210
4,b'XKY',2020-07-22 00:28:13,2020-07-11 12:18:00,http://www.weibo.com/3081216591/JaGL6mgw7?from=page_1005053081216591_profile&wvr=6&mod=weibotime,325299,55895,228066,4525478914579985,2020-7-11 12:28,14448,11857,,,
5,b'XKY',2020-07-22 00:28:19,2020-07-08 17:55:00,http://www.weibo.com/3081216591/JagG7Bvdo?from=page_1005053081216591_profile&wvr=6&mod=weibotime,355911,52225,182249,4524476336733865,2020-7-8 18:04,15759,10087,,,
6,b'XKY',2020-07-22 00:28:24,2020-07-04 18:29:00,http://www.weibo.com/3081216591/J9FcbEwIb?from=page_1005053081216591_profile&wvr=6&mod=weibotime,118738,18746,199302,,,,,,,
7,b'XKY',2020-07-22 00:28:31,2020-07-04 13:36:00,http://www.weibo.com/3081216591/J9Dh4owEH?from=page_1005053081216591_profile&wvr=6&mod=weibotime,346135,48749,233792,4522961694137883,2020-7-4 13:46,14320,6710,,,
7,b'XKY',2020-07-22 00:28:31,2020-07-04 13:36:00,http://www.weibo.com/3081216591/J9Dh4owEH?from=page_1005053081216591_profile&wvr=6&mod=weibotime,346135,48749,233792,4522961816671549,2020-7-4 13:46,13886,5652,,,
8,b'XKY',2020-07-22 00:28:36,2020-06-28 10:30:00,http://www.weibo.com/3081216591/J8HusbAFN?from=page_1005053081216591_profile&wvr=6&mod=weibotime,146532,28649,208582,,,,,,,
9,b'XKY',2020-07-22 00:28:45,2020-06-25 20:48:00,http://www.weibo.com/3081216591/J8jg27YdG?from=page_1005053081216591_profile&wvr=6&mod=weibotime,607768,178570,234475,,,,,4520058657077925,2020-6-26 13:30,18262
10,b'XKY',2020-07-22 00:28:51,2020-06-22 12:39:00,http://www.weibo.com/3081216591/J7NMc7E9e?from=page_1005053081216591_profile&wvr=6&mod=weibotime,307404,37106,136237,4518596540612171,2020-6-22 12:40,15670,4878,,,
11,b'XKY',2020-07-22 00:28:56,2020-06-21 11:43:00,http://www.weibo.com/3081216591/J7DYXtipf?from=page_1005053081216591_profile&wvr=6&mod=weibotime,198325,16571,44098,,,,,,,
0,b'XKY',2020-07-22 00:36:21,2020-07-20 22:32:00,http://www.weibo.com/3081216591/Jc7CEucfx?from=page_1005053081216591_profile&wvr=6&mod=weibotime,296895,46919,175438,4528893078541140,2020-7-20 22:35,15705,12870,4529262469855242,2020-7-21 23:03,925
0,b'XKY',2020-07-22 00:36:21,2020-07-20 22:32:00,http://www.weibo.com/3081216591/Jc7CEucfx?from=page_1005053081216591_profile&wvr=6&mod=weibotime,296895,46919,175438,4528893078541140,2020-7-20 22:35,15705,12870,4529262616909159,2020-7-21 23:03,1352
0,b'XKY',2020-07-22 00:36:21,2020-07-20 22:32:00,http://www.weibo.com/3081216591/Jc7CEucfx?from=page_1005053081216591_profile&wvr=6&mod=weibotime,296895,46919,175438,4528893078541140,2020-7-20 22:35,15705,12870,4529262860181872,2020-7-21 23:04,1410
1,b'XKY',2020-07-22 00:36:41,2020-07-19 14:16:00,http://www.weibo.com/3081216591/JbUX02HLo?from=page_1005053081216591_profile&wvr=6&mod=weibotime,86848,20266,86467,,,,,,,
2,b'XKY',2020-07-22 00:36:48,2020-07-18 10:00:00,http://www.weibo.com/3081216591/JbJQdgq5S?from=page_1005053081216591_profile&wvr=6&mod=weibotime,219931,25635,151277,,,,,,,
3,b'XKY',2020-07-22 00:36:53,2020-07-15 18:52:00,http://www.weibo.com/3081216591/Jbl2UzAJJ?from=page_1005053081216591_profile&wvr=6&mod=weibotime,333776,67557,243530,4527025483942241,2020-7-15 18:54,16669,7757,4527397884401945,2020-7-16 19:33,5210
3,b'XKY',2020-07-22 00:36:53,2020-07-15 18:52:00,http://www.weibo.com/3081216591/Jbl2UzAJJ?from=page_1005053081216591_profile&wvr=6&mod=weibotime,333776,67557,243530,4527025483942241,2020-7-15 18:54,16669,7757,4527397799465240,2020-7-16 19:33,5141
3,b'XKY',2020-07-22 00:36:53,2020-07-15 18:52:00,http://www.weibo.com/3081216591/Jbl2UzAJJ?from=page_1005053081216591_profile&wvr=6&mod=weibotime,333776,67557,243530,4527035046694697,2020-7-15 19:32,14274,6198,4527397884401945,2020-7-16 19:33,5210
3,b'XKY',2020-07-22 00:36:53,2020-07-15 18:52:00,http://www.weibo.com/3081216591/Jbl2UzAJJ?from=page_1005053081216591_profile&wvr=6&mod=weibotime,333776,67557,243530,4527035046694697,2020-7-15 19:32,14274,6198,4527397799465240,2020-7-16 19:33,5141
3,b'XKY',2020-07-22 00:36:53,2020-07-15 18:52:00,http://www.weibo.com/3081216591/Jbl2UzAJJ?from=page_1005053081216591_profile&wvr=6&mod=weibotime,333776,67557,243530,4527035404256323,2020-7-15 19:33,13796,5622,4527397799465240,2020-7-16 19:33,5141
3,b'XKY',2020-07-22 00:36:53,2020-07-15 18:52:00,http://www.weibo.com/3081216591/Jbl2UzAJJ?from=page_1005053081216591_profile&wvr=6&mod=weibotime,333776,67557,243530,4527035404256323,2020-7-15 19:33,13796,5622,4527397884401945,2020-7-16 19:33,5210
4,b'XKY',2020-07-22 00:37:01,2020-07-11 12:18:00,http://www.weibo.com/3081216591/JaGL6mgw7?from=page_1005053081216591_profile&wvr=6&mod=weibotime,325306,55895,228066,4525478914579985,2020-7-11 12:28,14448,11857,,,
5,b'XKY',2020-07-22 00:37:05,2020-07-08 17:55:00,http://www.weibo.com/3081216591/JagG7Bvdo?from=page_1005053081216591_profile&wvr=6&mod=weibotime,355915,52226,182249,4524476336733865,2020-7-8 18:04,15760,10087,,,
6,b'XKY',2020-07-22 00:37:10,2020-07-04 18:29:00,http://www.weibo.com/3081216591/J9FcbEwIb?from=page_1005053081216591_profile&wvr=6&mod=weibotime,118738,18746,199304,,,,,,,
7,b'XKY',2020-07-22 00:37:15,2020-07-04 13:36:00,http://www.weibo.com/3081216591/J9Dh4owEH?from=page_1005053081216591_profile&wvr=6&mod=weibotime,346143,48749,233792,4522961694137883,2020-7-4 13:46,14321,6710,,,
7,b'XKY',2020-07-22 00:37:15,2020-07-04 13:36:00,http://www.weibo.com/3081216591/J9Dh4owEH?from=page_1005053081216591_profile&wvr=6&mod=weibotime,346143,48749,233792,4522961816671549,2020-7-4 13:46,13887,5652,,,
8,b'XKY',2020-07-22 00:37:20,2020-06-28 10:30:00,http://www.weibo.com/3081216591/J8HusbAFN?from=page_1005053081216591_profile&wvr=6&mod=weibotime,146533,28649,208582,,,,,,,
9,b'XKY',2020-07-22 00:37:27,2020-06-25 20:48:00,http://www.weibo.com/3081216591/J8jg27YdG?from=page_1005053081216591_profile&wvr=6&mod=weibotime,607774,178574,234475,,,,,4520058657077925,2020-6-26 13:30,18263
10,b'XKY',2020-07-22 00:37:33,2020-06-22 12:39:00,http://www.weibo.com/3081216591/J7NMc7E9e?from=page_1005053081216591_profile&wvr=6&mod=weibotime,307404,37106,136237,4518596540612171,2020-6-22 12:40,15670,4878,,,
11,b'XKY',2020-07-22 00:37:38,2020-06-21 11:43:00,http://www.weibo.com/3081216591/J7DYXtipf?from=page_1005053081216591_profile&wvr=6&mod=weibotime,198327,16572,44099,,,,,,,
0,b'XKY',2020-07-22 00:44:33,2020-07-20 22:32:00,http://www.weibo.com/3081216591/Jc7CEucfx?from=page_1005053081216591_profile&wvr=6&mod=weibotime,297277,46959,175639,4528893078541140,2020-7-20 22:35,15716,12878,4529262469855242,2020-7-21 23:03,941
0,b'XKY',2020-07-22 00:44:33,2020-07-20 22:32:00,http://www.weibo.com/3081216591/Jc7CEucfx?from=page_1005053081216591_profile&wvr=6&mod=weibotime,297277,46959,175639,4528893078541140,2020-7-20 22:35,15716,12878,4529262616909159,2020-7-21 23:03,1390
0,b'XKY',2020-07-22 00:44:33,2020-07-20 22:32:00,http://www.weibo.com/3081216591/Jc7CEucfx?from=page_1005053081216591_profile&wvr=6&mod=weibotime,297277,46959,175639,4528893078541140,2020-7-20 22:35,15716,12878,4529262860181872,2020-7-21 23:04,1449
1,b'XKY',2020-07-22 00:44:42,2020-07-19 14:16:00,http://www.weibo.com/3081216591/JbUX02HLo?from=page_1005053081216591_profile&wvr=6&mod=weibotime,86850,20266,86468,,,,,,,
2,b'XKY',2020-07-22 00:44:52,2020-07-18 10:00:00,http://www.weibo.com/3081216591/JbJQdgq5S?from=page_1005053081216591_profile&wvr=6&mod=weibotime,219937,25637,151278,,,,,,,
3,b'XKY',2020-07-22 00:44:58,2020-07-15 18:52:00,http://www.weibo.com/3081216591/Jbl2UzAJJ?from=page_1005053081216591_profile&wvr=6&mod=weibotime,333782,67564,243532,4527025483942241,2020-7-15 18:54,16669,7758,4527397884401945,2020-7-16 19:33,5212
3,b'XKY',2020-07-22 00:44:58,2020-07-15 18:52:00,http://www.weibo.com/3081216591/Jbl2UzAJJ?from=page_1005053081216591_profile&wvr=6&mod=weibotime,333782,67564,243532,4527025483942241,2020-7-15 18:54,16669,7758,4527397799465240,2020-7-16 19:33,5142
3,b'XKY',2020-07-22 00:44:58,2020-07-15 18:52:00,http://www.weibo.com/3081216591/Jbl2UzAJJ?from=page_1005053081216591_profile&wvr=6&mod=weibotime,333782,67564,243532,4527035046694697,2020-7-15 19:32,14274,6200,4527397884401945,2020-7-16 19:33,5212
3,b'XKY',2020-07-22 00:44:58,2020-07-15 18:52:00,http://www.weibo.com/3081216591/Jbl2UzAJJ?from=page_1005053081216591_profile&wvr=6&mod=weibotime,333782,67564,243532,4527035046694697,2020-7-15 19:32,14274,6200,4527397799465240,2020-7-16 19:33,5142
3,b'XKY',2020-07-22 00:44:58,2020-07-15 18:52:00,http://www.weibo.com/3081216591/Jbl2UzAJJ?from=page_1005053081216591_profile&wvr=6&mod=weibotime,333782,67564,243532,4527035404256323,2020-7-15 19:33,13796,5624,4527397799465240,2020-7-16 19:33,5142
3,b'XKY',2020-07-22 00:44:58,2020-07-15 18:52:00,http://www.weibo.com/3081216591/Jbl2UzAJJ?from=page_1005053081216591_profile&wvr=6&mod=weibotime,333782,67564,243532,4527035404256323,2020-7-15 19:33,13796,5624,4527397884401945,2020-7-16 19:33,5212
4,b'XKY',2020-07-22 00:45:06,2020-07-11 12:18:00,http://www.weibo.com/3081216591/JaGL6mgw7?from=page_1005053081216591_profile&wvr=6&mod=weibotime,325306,55897,228068,4525478914579985,2020-7-11 12:28,14448,11857,,,
5,b'XKY',2020-07-22 00:45:14,2020-07-08 17:55:00,http://www.weibo.com/3081216591/JagG7Bvdo?from=page_1005053081216591_profile&wvr=6&mod=weibotime,355917,52227,182250,4524476336733865,2020-7-8 18:04,15760,10087,,,
6,b'XKY',2020-07-22 00:45:20,2020-07-04 18:29:00,http://www.weibo.com/3081216591/J9FcbEwIb?from=page_1005053081216591_profile&wvr=6&mod=weibotime,118738,18747,199307,,,,,,,
7,b'XKY',2020-07-22 00:45:26,2020-07-04 13:36:00,http://www.weibo.com/3081216591/J9Dh4owEH?from=page_1005053081216591_profile&wvr=6&mod=weibotime,346153,48756,233795,4522961694137883,2020-7-4 13:46,14323,6712,,,
7,b'XKY',2020-07-22 00:45:26,2020-07-04 13:36:00,http://www.weibo.com/3081216591/J9Dh4owEH?from=page_1005053081216591_profile&wvr=6&mod=weibotime,346153,48756,233795,4522961816671549,2020-7-4 13:46,13889,5654,,,
8,b'XKY',2020-07-22 00:45:30,2020-06-28 10:30:00,http://www.weibo.com/3081216591/J8HusbAFN?from=page_1005053081216591_profile&wvr=6&mod=weibotime,146537,28653,208586,,,,,,,
9,b'XKY',2020-07-22 00:45:35,2020-06-25 20:48:00,http://www.weibo.com/3081216591/J8jg27YdG?from=page_1005053081216591_profile&wvr=6&mod=weibotime,607781,178579,234478,,,,,4520058657077925,2020-6-26 13:30,18265
10,b'XKY',2020-07-22 00:45:41,2020-06-22 12:39:00,http://www.weibo.com/3081216591/J7NMc7E9e?from=page_1005053081216591_profile&wvr=6&mod=weibotime,307409,37111,136240,4518596540612171,2020-6-22 12:40,15672,4880,,,
11,b'XKY',2020-07-22 00:45:45,2020-06-21 11:43:00,http://www.weibo.com/3081216591/J7DYXtipf?from=page_1005053081216591_profile&wvr=6&mod=weibotime,198328,16574,44101,,,,,,,
