user,crawler_time,post_time,link,like,comment,forward,child_comment_level,child_comment_comment_id,child_comment_comment_time,child_comment_like,child_comment_reply
b'ZKN',2020-07-22 05:56:12,2020-07-19 13:16:00,http://www.weibo.com/1649818571/JbUyuBedA,120246,29770,42873,1.0,4528392298571520,2020-7-19 13:25,4976,2118
b'ZKN',2020-07-22 05:56:12,2020-07-19 13:16:00,http://www.weibo.com/1649818571/JbUyuBedA,120246,29770,42873,1.0,4528393359720914,2020-7-19 13:29,4805,1550
b'ZKN',2020-07-22 05:56:12,2020-07-19 13:16:00,http://www.weibo.com/1649818571/JbUyuBedA,120246,29770,42873,1.0,4528393669848039,2020-7-19 13:30,4313,1874
b'ZKN',2020-07-22 05:56:22,2020-07-17 18:15:00,http://www.weibo.com/1649818571/JbDEXypef,131987,33310,59702,1.0,4527741937913334,2020-7-17 18:21,6361,4390
b'ZKN',2020-07-22 05:56:22,2020-07-17 18:15:00,http://www.weibo.com/1649818571/JbDEXypef,131987,33310,59702,1.0,4527741820995910,2020-7-17 18:20,5996,3829
b'ZKN',2020-07-22 05:56:22,2020-07-17 18:15:00,http://www.weibo.com/1649818571/JbDEXypef,131987,33310,59702,1.0,4527741862416124,2020-7-17 18:20,3966,1738
b'ZKN',2020-07-22 05:56:22,2020-07-17 18:15:00,http://www.weibo.com/1649818571/JbDEXypef,131987,33310,59702,1.0,4527742010263294,2020-7-17 18:21,5735,3678
b'ZKN',2020-07-22 05:56:29,2020-07-14 13:58:00,http://www.weibo.com/1649818571/Jb9GPvvm1,145751,41309,85301,1.0,4526593307641400,2020-7-14 14:16,6562,3787
b'ZKN',2020-07-22 05:56:29,2020-07-14 13:58:00,http://www.weibo.com/1649818571/Jb9GPvvm1,145751,41309,85301,1.0,4526594285075592,2020-7-14 14:20,6001,8249
b'ZKN',2020-07-22 05:56:29,2020-07-14 13:58:00,http://www.weibo.com/1649818571/Jb9GPvvm1,145751,41309,85301,1.0,4526597597707708,2020-7-14 14:33,5795,5559
b'ZKN',2020-07-22 05:56:29,2020-07-14 13:58:00,http://www.weibo.com/1649818571/Jb9GPvvm1,145751,41309,85301,1.0,4526591748057820,2020-7-14 14:10,5780,3512
b'ZKN',2020-07-22 05:56:29,2020-07-14 13:58:00,http://www.weibo.com/1649818571/Jb9GPvvm1,145751,41309,85301,2.0,4526594980713085,2020-7-14 14:23,4223,
b'ZKN',2020-07-22 05:56:29,2020-07-14 13:58:00,http://www.weibo.com/1649818571/Jb9GPvvm1,145751,41309,85301,2.0,4526594431811573,2020-7-14 14:21,4135,
b'ZKN',2020-07-22 05:56:29,2020-07-14 13:58:00,http://www.weibo.com/1649818571/Jb9GPvvm1,145751,41309,85301,2.0,4526597665374972,2020-7-14 14:34,3872,
b'ZKN',2020-07-22 05:56:32,2020-07-11 14:45:00,http://www.weibo.com/1649818571/JaHIzdZ8g,139140,30332,56473,1.0,4525514004040405,2020-7-11 14:48,7591,3824
b'ZKN',2020-07-22 05:56:32,2020-07-11 14:45:00,http://www.weibo.com/1649818571/JaHIzdZ8g,139140,30332,56473,1.0,4525515782668986,2020-7-11 14:55,7172,3573
b'ZKN',2020-07-22 05:56:32,2020-07-11 14:45:00,http://www.weibo.com/1649818571/JaHIzdZ8g,139140,30332,56473,1.0,4525514486624361,2020-7-11 14:49,6919,2663
b'ZKN',2020-07-22 05:56:38,2020-07-08 21:44:00,http://www.weibo.com/1649818571/JaibaypVT,143486,34719,63868,1.0,4524537570190123,2020-7-8 22:08,6767,2556
b'ZKN',2020-07-22 05:56:38,2020-07-08 21:44:00,http://www.weibo.com/1649818571/JaibaypVT,143486,34719,63868,1.0,4524537214278473,2020-7-8 22:06,6563,2597
b'ZKN',2020-07-22 05:56:38,2020-07-08 21:44:00,http://www.weibo.com/1649818571/JaibaypVT,143486,34719,63868,1.0,4524583371927247,2020-7-9 01:10,4760,4453
b'ZKN',2020-07-22 05:56:38,2020-07-08 21:44:00,http://www.weibo.com/1649818571/JaibaypVT,143486,34719,63868,2.0,4524590271975567,2020-7-9 01:37,3328,
b'ZKN',2020-07-22 05:56:42,2020-07-03 18:52:00,http://www.weibo.com/1649818571/J9vUSyddY,201156,39891,85825,1.0,4522698577615775,2020-7-3 20:20,7910,6463
b'ZKN',2020-07-22 05:56:42,2020-07-03 18:52:00,http://www.weibo.com/1649818571/J9vUSyddY,201156,39891,85825,2.0,4522699064084662,2020-7-3 20:22,4468,
b'ZKN',2020-07-22 05:56:42,2020-07-03 18:52:00,http://www.weibo.com/1649818571/J9vUSyddY,201156,39891,85825,2.0,4522698476681579,2020-7-3 20:20,4702,
b'ZKN',2020-07-22 05:56:45,2020-07-01 18:00:00,http://www.weibo.com/1649818571/J9cII0okO,165565,61134,103444,1.0,4521967703088987,2020-7-1 19:56,7027,4017
b'ZKN',2020-07-22 05:56:48,2020-06-25 21:16:00,http://www.weibo.com/1649818571/J8jrssFUF,247373,35497,67912,1.0,4519889526234789,2020-6-26 02:18,12973,5690
b'ZKN',2020-07-22 05:56:51,2020-06-23 16:40:00,http://www.weibo.com/1649818571/J7YMhq7PV,354824,54255,80486,1.0,4519077064563759,2020-6-23 20:29,20101,4317
b'ZKN',2020-07-22 05:56:51,2020-06-23 16:40:00,http://www.weibo.com/1649818571/J7YMhq7PV,354824,54255,80486,1.0,4519081561298642,2020-6-23 20:47,10162,2414
b'ZKN',2020-07-22 05:56:51,2020-06-23 16:40:00,http://www.weibo.com/1649818571/J7YMhq7PV,354824,54255,80486,1.0,4519081657430511,2020-6-23 20:48,9887,2366
b'ZKN',2020-07-22 05:56:51,2020-06-23 16:40:00,http://www.weibo.com/1649818571/J7YMhq7PV,354824,54255,80486,1.0,4519076192225663,2020-6-23 20:26,9591,2758
b'ZKN',2020-07-22 05:56:51,2020-06-23 16:40:00,http://www.weibo.com/1649818571/J7YMhq7PV,354824,54255,80486,1.0,4519076259020655,2020-6-23 20:26,8910,2584
b'ZKN',2020-07-22 05:56:51,2020-06-23 16:40:00,http://www.weibo.com/1649818571/J7YMhq7PV,354824,54255,80486,1.0,4519077529578333,2020-6-23 20:31,8333,2824
b'ZKN',2020-07-22 05:56:51,2020-06-23 16:40:00,http://www.weibo.com/1649818571/J7YMhq7PV,354824,54255,80486,1.0,4519076494403911,2020-6-23 20:27,8320,1484
b'ZKN',2020-07-22 05:56:51,2020-06-23 16:40:00,http://www.weibo.com/1649818571/J7YMhq7PV,354824,54255,80486,1.0,4519082063370783,2020-6-23 20:49,7814,1689
b'ZKN',2020-07-22 05:56:51,2020-06-23 16:40:00,http://www.weibo.com/1649818571/J7YMhq7PV,354824,54255,80486,2.0,4519020701217165,2020-6-23 16:45,13408,
b'ZKN',2020-07-22 06:11:03,2020-07-19 13:16:00,http://www.weibo.com/1649818571/JbUyuBedA,120247,29770,42874,1.0,4528392298571520,2020-7-19 13:25,4976,2118
b'ZKN',2020-07-22 06:11:03,2020-07-19 13:16:00,http://www.weibo.com/1649818571/JbUyuBedA,120247,29770,42874,1.0,4528393359720914,2020-7-19 13:29,4805,1550
b'ZKN',2020-07-22 06:11:03,2020-07-19 13:16:00,http://www.weibo.com/1649818571/JbUyuBedA,120247,29770,42874,1.0,4528393669848039,2020-7-19 13:30,4313,1874
b'ZKN',2020-07-22 06:11:07,2020-07-17 18:15:00,http://www.weibo.com/1649818571/JbDEXypef,131989,33312,59702,1.0,4527741937913334,2020-7-17 18:21,6361,4390
b'ZKN',2020-07-22 06:11:07,2020-07-17 18:15:00,http://www.weibo.com/1649818571/JbDEXypef,131989,33312,59702,1.0,4527741820995910,2020-7-17 18:20,5996,3829
b'ZKN',2020-07-22 06:11:07,2020-07-17 18:15:00,http://www.weibo.com/1649818571/JbDEXypef,131989,33312,59702,1.0,4527741862416124,2020-7-17 18:20,3966,1738
b'ZKN',2020-07-22 06:11:07,2020-07-17 18:15:00,http://www.weibo.com/1649818571/JbDEXypef,131989,33312,59702,1.0,4527742010263294,2020-7-17 18:21,5735,3678
b'ZKN',2020-07-22 06:11:13,2020-07-14 13:58:00,http://www.weibo.com/1649818571/Jb9GPvvm1,145751,41309,85301,1.0,4526593307641400,2020-7-14 14:16,6562,3787
b'ZKN',2020-07-22 06:11:13,2020-07-14 13:58:00,http://www.weibo.com/1649818571/Jb9GPvvm1,145751,41309,85301,1.0,4526594285075592,2020-7-14 14:20,6001,8249
b'ZKN',2020-07-22 06:11:13,2020-07-14 13:58:00,http://www.weibo.com/1649818571/Jb9GPvvm1,145751,41309,85301,1.0,4526597597707708,2020-7-14 14:33,5795,5559
b'ZKN',2020-07-22 06:11:13,2020-07-14 13:58:00,http://www.weibo.com/1649818571/Jb9GPvvm1,145751,41309,85301,1.0,4526591748057820,2020-7-14 14:10,5780,3512
b'ZKN',2020-07-22 06:11:13,2020-07-14 13:58:00,http://www.weibo.com/1649818571/Jb9GPvvm1,145751,41309,85301,2.0,4526594980713085,2020-7-14 14:23,4223,
b'ZKN',2020-07-22 06:11:13,2020-07-14 13:58:00,http://www.weibo.com/1649818571/Jb9GPvvm1,145751,41309,85301,2.0,4526594431811573,2020-7-14 14:21,4135,
b'ZKN',2020-07-22 06:11:13,2020-07-14 13:58:00,http://www.weibo.com/1649818571/Jb9GPvvm1,145751,41309,85301,2.0,4526597665374972,2020-7-14 14:34,3872,
b'ZKN',2020-07-22 06:11:19,2020-07-11 14:45:00,http://www.weibo.com/1649818571/JaHIzdZ8g,139141,30332,56473,1.0,4525514004040405,2020-7-11 14:48,7591,3824
b'ZKN',2020-07-22 06:11:19,2020-07-11 14:45:00,http://www.weibo.com/1649818571/JaHIzdZ8g,139141,30332,56473,1.0,4525515782668986,2020-7-11 14:55,7172,3573
b'ZKN',2020-07-22 06:11:19,2020-07-11 14:45:00,http://www.weibo.com/1649818571/JaHIzdZ8g,139141,30332,56473,1.0,4525514486624361,2020-7-11 14:49,6919,2663
b'ZKN',2020-07-22 06:11:23,2020-07-08 21:44:00,http://www.weibo.com/1649818571/JaibaypVT,143486,34719,63868,1.0,4524537570190123,2020-7-8 22:08,6767,2556
b'ZKN',2020-07-22 06:11:23,2020-07-08 21:44:00,http://www.weibo.com/1649818571/JaibaypVT,143486,34719,63868,1.0,4524537214278473,2020-7-8 22:06,6563,2597
b'ZKN',2020-07-22 06:11:23,2020-07-08 21:44:00,http://www.weibo.com/1649818571/JaibaypVT,143486,34719,63868,1.0,4524583371927247,2020-7-9 01:10,4760,4453
b'ZKN',2020-07-22 06:11:23,2020-07-08 21:44:00,http://www.weibo.com/1649818571/JaibaypVT,143486,34719,63868,2.0,4524590271975567,2020-7-9 01:37,3328,
b'ZKN',2020-07-22 06:11:27,2020-07-03 18:52:00,http://www.weibo.com/1649818571/J9vUSyddY,201156,39891,85825,1.0,4522698577615775,2020-7-3 20:20,7910,6463
b'ZKN',2020-07-22 06:11:27,2020-07-03 18:52:00,http://www.weibo.com/1649818571/J9vUSyddY,201156,39891,85825,2.0,4522699064084662,2020-7-3 20:22,4468,
b'ZKN',2020-07-22 06:11:27,2020-07-03 18:52:00,http://www.weibo.com/1649818571/J9vUSyddY,201156,39891,85825,2.0,4522698476681579,2020-7-3 20:20,4702,
b'ZKN',2020-07-22 06:11:37,2020-07-01 18:00:00,http://www.weibo.com/1649818571/J9cII0okO,165565,61134,103444,1.0,4521967703088987,2020-7-1 19:56,7027,4017
b'ZKN',2020-07-22 06:11:41,2020-06-25 21:16:00,http://www.weibo.com/1649818571/J8jrssFUF,247373,35497,67912,1.0,4519889526234789,2020-6-26 02:18,12973,5690
b'ZKN',2020-07-22 06:11:44,2020-06-23 16:40:00,http://www.weibo.com/1649818571/J7YMhq7PV,354824,54255,80486,1.0,4519077064563759,2020-6-23 20:29,20101,4317
b'ZKN',2020-07-22 06:11:44,2020-06-23 16:40:00,http://www.weibo.com/1649818571/J7YMhq7PV,354824,54255,80486,1.0,4519081561298642,2020-6-23 20:47,10162,2414
b'ZKN',2020-07-22 06:11:44,2020-06-23 16:40:00,http://www.weibo.com/1649818571/J7YMhq7PV,354824,54255,80486,1.0,4519081657430511,2020-6-23 20:48,9887,2366
b'ZKN',2020-07-22 06:11:44,2020-06-23 16:40:00,http://www.weibo.com/1649818571/J7YMhq7PV,354824,54255,80486,1.0,4519076192225663,2020-6-23 20:26,9591,2758
b'ZKN',2020-07-22 06:11:44,2020-06-23 16:40:00,http://www.weibo.com/1649818571/J7YMhq7PV,354824,54255,80486,1.0,4519076259020655,2020-6-23 20:26,8910,2584
b'ZKN',2020-07-22 06:11:44,2020-06-23 16:40:00,http://www.weibo.com/1649818571/J7YMhq7PV,354824,54255,80486,1.0,4519077529578333,2020-6-23 20:31,8333,2824
b'ZKN',2020-07-22 06:11:44,2020-06-23 16:40:00,http://www.weibo.com/1649818571/J7YMhq7PV,354824,54255,80486,1.0,4519076494403911,2020-6-23 20:27,8320,1484
b'ZKN',2020-07-22 06:11:44,2020-06-23 16:40:00,http://www.weibo.com/1649818571/J7YMhq7PV,354824,54255,80486,1.0,4519082063370783,2020-6-23 20:49,7814,1689
b'ZKN',2020-07-22 06:11:44,2020-06-23 16:40:00,http://www.weibo.com/1649818571/J7YMhq7PV,354824,54255,80486,2.0,4519020701217165,2020-6-23 16:45,13408,
b'ZKN',2020-07-22 06:26:07,2020-07-19 13:16:00,http://www.weibo.com/1649818571/JbUyuBedA,120248,29772,42874,1.0,4528392298571520,2020-7-19 13:25,4976,2118
b'ZKN',2020-07-22 06:26:07,2020-07-19 13:16:00,http://www.weibo.com/1649818571/JbUyuBedA,120248,29772,42874,1.0,4528393359720914,2020-7-19 13:29,4805,1550
b'ZKN',2020-07-22 06:26:07,2020-07-19 13:16:00,http://www.weibo.com/1649818571/JbUyuBedA,120248,29772,42874,1.0,4528393669848039,2020-7-19 13:30,4313,1874
b'ZKN',2020-07-22 06:26:18,2020-07-17 18:15:00,http://www.weibo.com/1649818571/JbDEXypef,131990,33312,59702,1.0,4527741937913334,2020-7-17 18:21,6361,4390
b'ZKN',2020-07-22 06:26:18,2020-07-17 18:15:00,http://www.weibo.com/1649818571/JbDEXypef,131990,33312,59702,1.0,4527741820995910,2020-7-17 18:20,5996,3829
b'ZKN',2020-07-22 06:26:18,2020-07-17 18:15:00,http://www.weibo.com/1649818571/JbDEXypef,131990,33312,59702,1.0,4527741862416124,2020-7-17 18:20,3966,1738
b'ZKN',2020-07-22 06:26:18,2020-07-17 18:15:00,http://www.weibo.com/1649818571/JbDEXypef,131990,33312,59702,1.0,4527742010263294,2020-7-17 18:21,5735,3678
b'ZKN',2020-07-22 06:26:22,2020-07-14 13:58:00,http://www.weibo.com/1649818571/Jb9GPvvm1,145751,41309,85301,1.0,4526593307641400,2020-7-14 14:16,6562,3787
b'ZKN',2020-07-22 06:26:22,2020-07-14 13:58:00,http://www.weibo.com/1649818571/Jb9GPvvm1,145751,41309,85301,1.0,4526594285075592,2020-7-14 14:20,6001,8249
b'ZKN',2020-07-22 06:26:22,2020-07-14 13:58:00,http://www.weibo.com/1649818571/Jb9GPvvm1,145751,41309,85301,1.0,4526597597707708,2020-7-14 14:33,5795,5559
b'ZKN',2020-07-22 06:26:22,2020-07-14 13:58:00,http://www.weibo.com/1649818571/Jb9GPvvm1,145751,41309,85301,1.0,4526591748057820,2020-7-14 14:10,5780,3512
b'ZKN',2020-07-22 06:26:22,2020-07-14 13:58:00,http://www.weibo.com/1649818571/Jb9GPvvm1,145751,41309,85301,2.0,4526594980713085,2020-7-14 14:23,4223,
b'ZKN',2020-07-22 06:26:22,2020-07-14 13:58:00,http://www.weibo.com/1649818571/Jb9GPvvm1,145751,41309,85301,2.0,4526594431811573,2020-7-14 14:21,4135,
b'ZKN',2020-07-22 06:26:22,2020-07-14 13:58:00,http://www.weibo.com/1649818571/Jb9GPvvm1,145751,41309,85301,2.0,4526597665374972,2020-7-14 14:34,3872,
b'ZKN',2020-07-22 06:26:26,2020-07-11 14:45:00,http://www.weibo.com/1649818571/JaHIzdZ8g,139141,30332,56473,1.0,4525514004040405,2020-7-11 14:48,7591,3824
b'ZKN',2020-07-22 06:26:26,2020-07-11 14:45:00,http://www.weibo.com/1649818571/JaHIzdZ8g,139141,30332,56473,1.0,4525515782668986,2020-7-11 14:55,7172,3573
b'ZKN',2020-07-22 06:26:26,2020-07-11 14:45:00,http://www.weibo.com/1649818571/JaHIzdZ8g,139141,30332,56473,1.0,4525514486624361,2020-7-11 14:49,6919,2663
b'ZKN',2020-07-22 06:26:31,2020-07-08 21:44:00,http://www.weibo.com/1649818571/JaibaypVT,143486,34719,63868,1.0,4524537570190123,2020-7-8 22:08,6767,2556
b'ZKN',2020-07-22 06:26:31,2020-07-08 21:44:00,http://www.weibo.com/1649818571/JaibaypVT,143486,34719,63868,1.0,4524537214278473,2020-7-8 22:06,6563,2597
b'ZKN',2020-07-22 06:26:31,2020-07-08 21:44:00,http://www.weibo.com/1649818571/JaibaypVT,143486,34719,63868,1.0,4524583371927247,2020-7-9 01:10,4760,4453
b'ZKN',2020-07-22 06:26:31,2020-07-08 21:44:00,http://www.weibo.com/1649818571/JaibaypVT,143486,34719,63868,2.0,4524590271975567,2020-7-9 01:37,3328,
b'ZKN',2020-07-22 06:26:35,2020-07-03 18:52:00,http://www.weibo.com/1649818571/J9vUSyddY,201156,39891,85825,1.0,4522698577615775,2020-7-3 20:20,7910,6463
b'ZKN',2020-07-22 06:26:35,2020-07-03 18:52:00,http://www.weibo.com/1649818571/J9vUSyddY,201156,39891,85825,2.0,4522699064084662,2020-7-3 20:22,4468,
b'ZKN',2020-07-22 06:26:35,2020-07-03 18:52:00,http://www.weibo.com/1649818571/J9vUSyddY,201156,39891,85825,2.0,4522698476681579,2020-7-3 20:20,4702,
b'ZKN',2020-07-22 06:26:44,2020-07-01 18:00:00,http://www.weibo.com/1649818571/J9cII0okO,165565,61134,103444,1.0,4521967703088987,2020-7-1 19:56,7027,4017
b'ZKN',2020-07-22 06:26:47,2020-06-25 21:16:00,http://www.weibo.com/1649818571/J8jrssFUF,247373,35497,67912,1.0,4519889526234789,2020-6-26 02:18,12973,5690
b'ZKN',2020-07-22 06:26:51,2020-06-23 16:40:00,http://www.weibo.com/1649818571/J7YMhq7PV,354824,54255,80486,1.0,4519077064563759,2020-6-23 20:29,20101,4317
b'ZKN',2020-07-22 06:26:51,2020-06-23 16:40:00,http://www.weibo.com/1649818571/J7YMhq7PV,354824,54255,80486,1.0,4519081561298642,2020-6-23 20:47,10162,2414
b'ZKN',2020-07-22 06:26:51,2020-06-23 16:40:00,http://www.weibo.com/1649818571/J7YMhq7PV,354824,54255,80486,1.0,4519081657430511,2020-6-23 20:48,9887,2366
b'ZKN',2020-07-22 06:26:51,2020-06-23 16:40:00,http://www.weibo.com/1649818571/J7YMhq7PV,354824,54255,80486,1.0,4519076192225663,2020-6-23 20:26,9591,2758
b'ZKN',2020-07-22 06:26:51,2020-06-23 16:40:00,http://www.weibo.com/1649818571/J7YMhq7PV,354824,54255,80486,1.0,4519076259020655,2020-6-23 20:26,8910,2584
b'ZKN',2020-07-22 06:26:51,2020-06-23 16:40:00,http://www.weibo.com/1649818571/J7YMhq7PV,354824,54255,80486,1.0,4519077529578333,2020-6-23 20:31,8333,2824
b'ZKN',2020-07-22 06:26:51,2020-06-23 16:40:00,http://www.weibo.com/1649818571/J7YMhq7PV,354824,54255,80486,1.0,4519076494403911,2020-6-23 20:27,8320,1484
b'ZKN',2020-07-22 06:26:51,2020-06-23 16:40:00,http://www.weibo.com/1649818571/J7YMhq7PV,354824,54255,80486,1.0,4519082063370783,2020-6-23 20:49,7814,1689
b'ZKN',2020-07-22 06:26:51,2020-06-23 16:40:00,http://www.weibo.com/1649818571/J7YMhq7PV,354824,54255,80486,2.0,4519020701217165,2020-6-23 16:45,13408,
b'ZKN',2020-07-22 06:41:06,2020-07-19 13:16:00,http://www.weibo.com/1649818571/JbUyuBedA,120248,29772,42874,1.0,4528392298571520,2020-7-19 13:25,4976,2118
b'ZKN',2020-07-22 06:41:06,2020-07-19 13:16:00,http://www.weibo.com/1649818571/JbUyuBedA,120248,29772,42874,1.0,4528393359720914,2020-7-19 13:29,4805,1550
b'ZKN',2020-07-22 06:41:06,2020-07-19 13:16:00,http://www.weibo.com/1649818571/JbUyuBedA,120248,29772,42874,1.0,4528393669848039,2020-7-19 13:30,4313,1874
b'ZKN',2020-07-22 06:41:11,2020-07-17 18:15:00,http://www.weibo.com/1649818571/JbDEXypef,131990,33312,59702,1.0,4527741937913334,2020-7-17 18:21,6361,4390
b'ZKN',2020-07-22 06:41:11,2020-07-17 18:15:00,http://www.weibo.com/1649818571/JbDEXypef,131990,33312,59702,1.0,4527741820995910,2020-7-17 18:20,5996,3829
b'ZKN',2020-07-22 06:41:11,2020-07-17 18:15:00,http://www.weibo.com/1649818571/JbDEXypef,131990,33312,59702,1.0,4527741862416124,2020-7-17 18:20,3966,1738
b'ZKN',2020-07-22 06:41:11,2020-07-17 18:15:00,http://www.weibo.com/1649818571/JbDEXypef,131990,33312,59702,1.0,4527742010263294,2020-7-17 18:21,5735,3678
b'ZKN',2020-07-22 06:41:19,2020-07-14 13:58:00,http://www.weibo.com/1649818571/Jb9GPvvm1,145751,41309,85301,1.0,4526593307641400,2020-7-14 14:16,6562,3787
b'ZKN',2020-07-22 06:41:19,2020-07-14 13:58:00,http://www.weibo.com/1649818571/Jb9GPvvm1,145751,41309,85301,1.0,4526594285075592,2020-7-14 14:20,6001,8249
b'ZKN',2020-07-22 06:41:19,2020-07-14 13:58:00,http://www.weibo.com/1649818571/Jb9GPvvm1,145751,41309,85301,1.0,4526597597707708,2020-7-14 14:33,5795,5559
b'ZKN',2020-07-22 06:41:19,2020-07-14 13:58:00,http://www.weibo.com/1649818571/Jb9GPvvm1,145751,41309,85301,1.0,4526591748057820,2020-7-14 14:10,5780,3512
b'ZKN',2020-07-22 06:41:19,2020-07-14 13:58:00,http://www.weibo.com/1649818571/Jb9GPvvm1,145751,41309,85301,2.0,4526594980713085,2020-7-14 14:23,4223,
b'ZKN',2020-07-22 06:41:19,2020-07-14 13:58:00,http://www.weibo.com/1649818571/Jb9GPvvm1,145751,41309,85301,2.0,4526594431811573,2020-7-14 14:21,4135,
b'ZKN',2020-07-22 06:41:19,2020-07-14 13:58:00,http://www.weibo.com/1649818571/Jb9GPvvm1,145751,41309,85301,2.0,4526597665374972,2020-7-14 14:34,3872,
b'ZKN',2020-07-22 06:41:24,2020-07-11 14:45:00,http://www.weibo.com/1649818571/JaHIzdZ8g,139141,30332,56473,1.0,4525514004040405,2020-7-11 14:48,7591,3824
b'ZKN',2020-07-22 06:41:24,2020-07-11 14:45:00,http://www.weibo.com/1649818571/JaHIzdZ8g,139141,30332,56473,1.0,4525515782668986,2020-7-11 14:55,7172,3573
b'ZKN',2020-07-22 06:41:24,2020-07-11 14:45:00,http://www.weibo.com/1649818571/JaHIzdZ8g,139141,30332,56473,1.0,4525514486624361,2020-7-11 14:49,6919,2663
b'ZKN',2020-07-22 06:41:29,2020-07-08 21:44:00,http://www.weibo.com/1649818571/JaibaypVT,143486,34719,63868,1.0,4524537570190123,2020-7-8 22:08,6767,2556
b'ZKN',2020-07-22 06:41:29,2020-07-08 21:44:00,http://www.weibo.com/1649818571/JaibaypVT,143486,34719,63868,1.0,4524537214278473,2020-7-8 22:06,6563,2597
b'ZKN',2020-07-22 06:41:29,2020-07-08 21:44:00,http://www.weibo.com/1649818571/JaibaypVT,143486,34719,63868,1.0,4524583371927247,2020-7-9 01:10,4760,4453
b'ZKN',2020-07-22 06:41:29,2020-07-08 21:44:00,http://www.weibo.com/1649818571/JaibaypVT,143486,34719,63868,2.0,4524590271975567,2020-7-9 01:37,3328,
b'ZKN',2020-07-22 06:41:36,2020-07-03 18:52:00,http://www.weibo.com/1649818571/J9vUSyddY,201156,39891,85825,1.0,4522698577615775,2020-7-3 20:20,7910,6463
b'ZKN',2020-07-22 06:41:36,2020-07-03 18:52:00,http://www.weibo.com/1649818571/J9vUSyddY,201156,39891,85825,2.0,4522699064084662,2020-7-3 20:22,4468,
b'ZKN',2020-07-22 06:41:36,2020-07-03 18:52:00,http://www.weibo.com/1649818571/J9vUSyddY,201156,39891,85825,2.0,4522698476681579,2020-7-3 20:20,4702,
b'ZKN',2020-07-22 06:41:46,2020-07-01 18:00:00,http://www.weibo.com/1649818571/J9cII0okO,165565,61134,103444,1.0,4521967703088987,2020-7-1 19:56,7027,4017
b'ZKN',2020-07-22 06:41:53,2020-06-25 21:16:00,http://www.weibo.com/1649818571/J8jrssFUF,247373,35497,67912,1.0,4519889526234789,2020-6-26 02:18,12973,5690
b'ZKN',2020-07-22 06:41:56,2020-06-23 16:40:00,http://www.weibo.com/1649818571/J7YMhq7PV,354824,54255,80486,1.0,4519077064563759,2020-6-23 20:29,20101,4317
b'ZKN',2020-07-22 06:41:56,2020-06-23 16:40:00,http://www.weibo.com/1649818571/J7YMhq7PV,354824,54255,80486,1.0,4519081561298642,2020-6-23 20:47,10162,2414
b'ZKN',2020-07-22 06:41:56,2020-06-23 16:40:00,http://www.weibo.com/1649818571/J7YMhq7PV,354824,54255,80486,1.0,4519081657430511,2020-6-23 20:48,9887,2366
b'ZKN',2020-07-22 06:41:56,2020-06-23 16:40:00,http://www.weibo.com/1649818571/J7YMhq7PV,354824,54255,80486,1.0,4519076192225663,2020-6-23 20:26,9591,2758
b'ZKN',2020-07-22 06:41:56,2020-06-23 16:40:00,http://www.weibo.com/1649818571/J7YMhq7PV,354824,54255,80486,1.0,4519076259020655,2020-6-23 20:26,8910,2584
b'ZKN',2020-07-22 06:41:56,2020-06-23 16:40:00,http://www.weibo.com/1649818571/J7YMhq7PV,354824,54255,80486,1.0,4519077529578333,2020-6-23 20:31,8333,2824
b'ZKN',2020-07-22 06:41:56,2020-06-23 16:40:00,http://www.weibo.com/1649818571/J7YMhq7PV,354824,54255,80486,1.0,4519076494403911,2020-6-23 20:27,8320,1484
b'ZKN',2020-07-22 06:41:56,2020-06-23 16:40:00,http://www.weibo.com/1649818571/J7YMhq7PV,354824,54255,80486,1.0,4519082063370783,2020-6-23 20:49,7814,1689
b'ZKN',2020-07-22 06:41:56,2020-06-23 16:40:00,http://www.weibo.com/1649818571/J7YMhq7PV,354824,54255,80486,2.0,4519020701217165,2020-6-23 16:45,13408,
b'ZKN',2020-07-22 06:56:08,2020-07-19 13:16:00,http://www.weibo.com/1649818571/JbUyuBedA,120253,29772,42874,1.0,4528392298571520,2020-7-19 13:25,4977,2118
b'ZKN',2020-07-22 06:56:08,2020-07-19 13:16:00,http://www.weibo.com/1649818571/JbUyuBedA,120253,29772,42874,1.0,4528393359720914,2020-7-19 13:29,4805,1550
b'ZKN',2020-07-22 06:56:08,2020-07-19 13:16:00,http://www.weibo.com/1649818571/JbUyuBedA,120253,29772,42874,1.0,4528393669848039,2020-7-19 13:30,4313,1874
b'ZKN',2020-07-22 06:56:20,2020-07-17 18:15:00,http://www.weibo.com/1649818571/JbDEXypef,131992,33312,59702,1.0,4527741937913334,2020-7-17 18:21,6361,4390
b'ZKN',2020-07-22 06:56:20,2020-07-17 18:15:00,http://www.weibo.com/1649818571/JbDEXypef,131992,33312,59702,1.0,4527741820995910,2020-7-17 18:20,5996,3829
b'ZKN',2020-07-22 06:56:20,2020-07-17 18:15:00,http://www.weibo.com/1649818571/JbDEXypef,131992,33312,59702,1.0,4527741862416124,2020-7-17 18:20,3966,1738
b'ZKN',2020-07-22 06:56:20,2020-07-17 18:15:00,http://www.weibo.com/1649818571/JbDEXypef,131992,33312,59702,1.0,4527742010263294,2020-7-17 18:21,5735,3678
b'ZKN',2020-07-22 06:56:24,2020-07-14 13:58:00,http://www.weibo.com/1649818571/Jb9GPvvm1,145751,41309,85301,1.0,4526593307641400,2020-7-14 14:16,6562,3787
b'ZKN',2020-07-22 06:56:24,2020-07-14 13:58:00,http://www.weibo.com/1649818571/Jb9GPvvm1,145751,41309,85301,1.0,4526594285075592,2020-7-14 14:20,6001,8249
b'ZKN',2020-07-22 06:56:24,2020-07-14 13:58:00,http://www.weibo.com/1649818571/Jb9GPvvm1,145751,41309,85301,1.0,4526597597707708,2020-7-14 14:33,5795,5559
b'ZKN',2020-07-22 06:56:24,2020-07-14 13:58:00,http://www.weibo.com/1649818571/Jb9GPvvm1,145751,41309,85301,1.0,4526591748057820,2020-7-14 14:10,5780,3512
b'ZKN',2020-07-22 06:56:24,2020-07-14 13:58:00,http://www.weibo.com/1649818571/Jb9GPvvm1,145751,41309,85301,2.0,4526594980713085,2020-7-14 14:23,4223,
b'ZKN',2020-07-22 06:56:24,2020-07-14 13:58:00,http://www.weibo.com/1649818571/Jb9GPvvm1,145751,41309,85301,2.0,4526594431811573,2020-7-14 14:21,4135,
b'ZKN',2020-07-22 06:56:24,2020-07-14 13:58:00,http://www.weibo.com/1649818571/Jb9GPvvm1,145751,41309,85301,2.0,4526597665374972,2020-7-14 14:34,3872,
b'ZKN',2020-07-22 06:56:28,2020-07-11 14:45:00,http://www.weibo.com/1649818571/JaHIzdZ8g,139141,30332,56473,1.0,4525514004040405,2020-7-11 14:48,7591,3824
b'ZKN',2020-07-22 06:56:28,2020-07-11 14:45:00,http://www.weibo.com/1649818571/JaHIzdZ8g,139141,30332,56473,1.0,4525515782668986,2020-7-11 14:55,7172,3573
b'ZKN',2020-07-22 06:56:28,2020-07-11 14:45:00,http://www.weibo.com/1649818571/JaHIzdZ8g,139141,30332,56473,1.0,4525514486624361,2020-7-11 14:49,6919,2663
b'ZKN',2020-07-22 06:56:32,2020-07-08 21:44:00,http://www.weibo.com/1649818571/JaibaypVT,143486,34719,63868,1.0,4524537570190123,2020-7-8 22:08,6767,2556
b'ZKN',2020-07-22 06:56:32,2020-07-08 21:44:00,http://www.weibo.com/1649818571/JaibaypVT,143486,34719,63868,1.0,4524537214278473,2020-7-8 22:06,6563,2597
b'ZKN',2020-07-22 06:56:32,2020-07-08 21:44:00,http://www.weibo.com/1649818571/JaibaypVT,143486,34719,63868,1.0,4524583371927247,2020-7-9 01:10,4760,4453
b'ZKN',2020-07-22 06:56:32,2020-07-08 21:44:00,http://www.weibo.com/1649818571/JaibaypVT,143486,34719,63868,2.0,4524590271975567,2020-7-9 01:37,3328,
b'ZKN',2020-07-22 06:56:36,2020-07-03 18:52:00,http://www.weibo.com/1649818571/J9vUSyddY,201156,39891,85825,1.0,4522698577615775,2020-7-3 20:20,7910,6463
b'ZKN',2020-07-22 06:56:36,2020-07-03 18:52:00,http://www.weibo.com/1649818571/J9vUSyddY,201156,39891,85825,2.0,4522699064084662,2020-7-3 20:22,4468,
b'ZKN',2020-07-22 06:56:36,2020-07-03 18:52:00,http://www.weibo.com/1649818571/J9vUSyddY,201156,39891,85825,2.0,4522698476681579,2020-7-3 20:20,4702,
b'ZKN',2020-07-22 06:56:46,2020-07-01 18:00:00,http://www.weibo.com/1649818571/J9cII0okO,165565,61134,103444,1.0,4521967703088987,2020-7-1 19:56,7027,4017
b'ZKN',2020-07-22 06:56:50,2020-06-25 21:16:00,http://www.weibo.com/1649818571/J8jrssFUF,247373,35497,67912,1.0,4519889526234789,2020-6-26 02:18,12973,5690
b'ZKN',2020-07-22 06:56:52,2020-06-23 16:40:00,http://www.weibo.com/1649818571/J7YMhq7PV,354824,54255,80486,1.0,4519077064563759,2020-6-23 20:29,20101,4317
b'ZKN',2020-07-22 06:56:52,2020-06-23 16:40:00,http://www.weibo.com/1649818571/J7YMhq7PV,354824,54255,80486,1.0,4519081561298642,2020-6-23 20:47,10162,2414
b'ZKN',2020-07-22 06:56:52,2020-06-23 16:40:00,http://www.weibo.com/1649818571/J7YMhq7PV,354824,54255,80486,1.0,4519081657430511,2020-6-23 20:48,9887,2366
b'ZKN',2020-07-22 06:56:52,2020-06-23 16:40:00,http://www.weibo.com/1649818571/J7YMhq7PV,354824,54255,80486,1.0,4519076192225663,2020-6-23 20:26,9591,2758
b'ZKN',2020-07-22 06:56:52,2020-06-23 16:40:00,http://www.weibo.com/1649818571/J7YMhq7PV,354824,54255,80486,1.0,4519076259020655,2020-6-23 20:26,8910,2584
b'ZKN',2020-07-22 06:56:52,2020-06-23 16:40:00,http://www.weibo.com/1649818571/J7YMhq7PV,354824,54255,80486,1.0,4519077529578333,2020-6-23 20:31,8333,2824
b'ZKN',2020-07-22 06:56:52,2020-06-23 16:40:00,http://www.weibo.com/1649818571/J7YMhq7PV,354824,54255,80486,1.0,4519076494403911,2020-6-23 20:27,8320,1484
b'ZKN',2020-07-22 06:56:52,2020-06-23 16:40:00,http://www.weibo.com/1649818571/J7YMhq7PV,354824,54255,80486,1.0,4519082063370783,2020-6-23 20:49,7814,1689
b'ZKN',2020-07-22 06:56:52,2020-06-23 16:40:00,http://www.weibo.com/1649818571/J7YMhq7PV,354824,54255,80486,2.0,4519020701217165,2020-6-23 16:45,13408,
b'ZKN',2020-07-22 07:11:00,2020-07-19 13:16:00,http://www.weibo.com/1649818571/JbUyuBedA,120256,29781,42874,1.0,4528392298571520,2020-7-19 13:25,4978,2118
b'ZKN',2020-07-22 07:11:00,2020-07-19 13:16:00,http://www.weibo.com/1649818571/JbUyuBedA,120256,29781,42874,1.0,4528393359720914,2020-7-19 13:29,4805,1550
b'ZKN',2020-07-22 07:11:00,2020-07-19 13:16:00,http://www.weibo.com/1649818571/JbUyuBedA,120256,29781,42874,1.0,4528393669848039,2020-7-19 13:30,4313,1874
b'ZKN',2020-07-22 07:11:10,2020-07-17 18:15:00,http://www.weibo.com/1649818571/JbDEXypef,131992,33312,59702,1.0,4527741937913334,2020-7-17 18:21,6361,4390
b'ZKN',2020-07-22 07:11:10,2020-07-17 18:15:00,http://www.weibo.com/1649818571/JbDEXypef,131992,33312,59702,1.0,4527741820995910,2020-7-17 18:20,5996,3829
b'ZKN',2020-07-22 07:11:10,2020-07-17 18:15:00,http://www.weibo.com/1649818571/JbDEXypef,131992,33312,59702,1.0,4527741862416124,2020-7-17 18:20,3966,1738
b'ZKN',2020-07-22 07:11:10,2020-07-17 18:15:00,http://www.weibo.com/1649818571/JbDEXypef,131992,33312,59702,1.0,4527742010263294,2020-7-17 18:21,5735,3678
b'ZKN',2020-07-22 07:11:19,2020-07-14 13:58:00,http://www.weibo.com/1649818571/Jb9GPvvm1,145751,41309,85301,1.0,4526593307641400,2020-7-14 14:16,6562,3787
b'ZKN',2020-07-22 07:11:19,2020-07-14 13:58:00,http://www.weibo.com/1649818571/Jb9GPvvm1,145751,41309,85301,1.0,4526594285075592,2020-7-14 14:20,6001,8249
b'ZKN',2020-07-22 07:11:19,2020-07-14 13:58:00,http://www.weibo.com/1649818571/Jb9GPvvm1,145751,41309,85301,1.0,4526597597707708,2020-7-14 14:33,5795,5559
b'ZKN',2020-07-22 07:11:19,2020-07-14 13:58:00,http://www.weibo.com/1649818571/Jb9GPvvm1,145751,41309,85301,1.0,4526591748057820,2020-7-14 14:10,5780,3512
b'ZKN',2020-07-22 07:11:19,2020-07-14 13:58:00,http://www.weibo.com/1649818571/Jb9GPvvm1,145751,41309,85301,2.0,4526594980713085,2020-7-14 14:23,4223,
b'ZKN',2020-07-22 07:11:19,2020-07-14 13:58:00,http://www.weibo.com/1649818571/Jb9GPvvm1,145751,41309,85301,2.0,4526594431811573,2020-7-14 14:21,4135,
b'ZKN',2020-07-22 07:11:19,2020-07-14 13:58:00,http://www.weibo.com/1649818571/Jb9GPvvm1,145751,41309,85301,2.0,4526597665374972,2020-7-14 14:34,3872,
b'ZKN',2020-07-22 07:11:27,2020-07-11 14:45:00,http://www.weibo.com/1649818571/JaHIzdZ8g,139141,30332,56473,1.0,4525514004040405,2020-7-11 14:48,7591,3824
b'ZKN',2020-07-22 07:11:27,2020-07-11 14:45:00,http://www.weibo.com/1649818571/JaHIzdZ8g,139141,30332,56473,1.0,4525515782668986,2020-7-11 14:55,7172,3573
b'ZKN',2020-07-22 07:11:27,2020-07-11 14:45:00,http://www.weibo.com/1649818571/JaHIzdZ8g,139141,30332,56473,1.0,4525514486624361,2020-7-11 14:49,6919,2663
b'ZKN',2020-07-22 07:11:38,2020-07-08 21:44:00,http://www.weibo.com/1649818571/JaibaypVT,143486,34719,63868,1.0,4524537570190123,2020-7-8 22:08,6767,2556
b'ZKN',2020-07-22 07:11:38,2020-07-08 21:44:00,http://www.weibo.com/1649818571/JaibaypVT,143486,34719,63868,1.0,4524537214278473,2020-7-8 22:06,6563,2597
b'ZKN',2020-07-22 07:11:38,2020-07-08 21:44:00,http://www.weibo.com/1649818571/JaibaypVT,143486,34719,63868,1.0,4524583371927247,2020-7-9 01:10,4760,4453
b'ZKN',2020-07-22 07:11:38,2020-07-08 21:44:00,http://www.weibo.com/1649818571/JaibaypVT,143486,34719,63868,2.0,4524590271975567,2020-7-9 01:37,3328,
b'ZKN',2020-07-22 07:11:44,2020-07-03 18:52:00,http://www.weibo.com/1649818571/J9vUSyddY,201156,39891,85825,1.0,4522698577615775,2020-7-3 20:20,7910,6463
b'ZKN',2020-07-22 07:11:44,2020-07-03 18:52:00,http://www.weibo.com/1649818571/J9vUSyddY,201156,39891,85825,2.0,4522699064084662,2020-7-3 20:22,4468,
b'ZKN',2020-07-22 07:11:44,2020-07-03 18:52:00,http://www.weibo.com/1649818571/J9vUSyddY,201156,39891,85825,2.0,4522698476681579,2020-7-3 20:20,4702,
b'ZKN',2020-07-22 07:11:55,2020-07-01 18:00:00,http://www.weibo.com/1649818571/J9cII0okO,165565,61134,103444,1.0,4521967703088987,2020-7-1 19:56,7027,4017
b'ZKN',2020-07-22 07:11:58,2020-06-25 21:16:00,http://www.weibo.com/1649818571/J8jrssFUF,247373,35497,67912,1.0,4519889526234789,2020-6-26 02:18,12973,5690
b'ZKN',2020-07-22 07:12:13,2020-06-23 16:40:00,http://www.weibo.com/1649818571/J7YMhq7PV,354824,54255,80486,1.0,4519077064563759,2020-6-23 20:29,20101,4317
b'ZKN',2020-07-22 07:12:13,2020-06-23 16:40:00,http://www.weibo.com/1649818571/J7YMhq7PV,354824,54255,80486,1.0,4519081561298642,2020-6-23 20:47,10162,2414
b'ZKN',2020-07-22 07:12:13,2020-06-23 16:40:00,http://www.weibo.com/1649818571/J7YMhq7PV,354824,54255,80486,1.0,4519081657430511,2020-6-23 20:48,9887,2366
b'ZKN',2020-07-22 07:12:13,2020-06-23 16:40:00,http://www.weibo.com/1649818571/J7YMhq7PV,354824,54255,80486,1.0,4519076192225663,2020-6-23 20:26,9591,2758
b'ZKN',2020-07-22 07:12:13,2020-06-23 16:40:00,http://www.weibo.com/1649818571/J7YMhq7PV,354824,54255,80486,1.0,4519076259020655,2020-6-23 20:26,8910,2584
b'ZKN',2020-07-22 07:12:13,2020-06-23 16:40:00,http://www.weibo.com/1649818571/J7YMhq7PV,354824,54255,80486,1.0,4519077529578333,2020-6-23 20:31,8333,2824
b'ZKN',2020-07-22 07:12:13,2020-06-23 16:40:00,http://www.weibo.com/1649818571/J7YMhq7PV,354824,54255,80486,1.0,4519076494403911,2020-6-23 20:27,8320,1484
b'ZKN',2020-07-22 07:12:13,2020-06-23 16:40:00,http://www.weibo.com/1649818571/J7YMhq7PV,354824,54255,80486,1.0,4519082063370783,2020-6-23 20:49,7814,1689
b'ZKN',2020-07-22 07:12:13,2020-06-23 16:40:00,http://www.weibo.com/1649818571/J7YMhq7PV,354824,54255,80486,2.0,4519020701217165,2020-6-23 16:45,13408,
b'ZKN',2020-07-22 07:26:07,2020-07-19 13:16:00,http://www.weibo.com/1649818571/JbUyuBedA,120259,29783,42875,1.0,4528392298571520,2020-7-19 13:25,4978,2119
b'ZKN',2020-07-22 07:26:07,2020-07-19 13:16:00,http://www.weibo.com/1649818571/JbUyuBedA,120259,29783,42875,1.0,4528393359720914,2020-7-19 13:29,4805,1551
b'ZKN',2020-07-22 07:26:07,2020-07-19 13:16:00,http://www.weibo.com/1649818571/JbUyuBedA,120259,29783,42875,1.0,4528393669848039,2020-7-19 13:30,4313,1874
b'ZKN',2020-07-22 07:26:17,2020-07-17 18:15:00,http://www.weibo.com/1649818571/JbDEXypef,131992,33312,59702,1.0,4527741937913334,2020-7-17 18:21,6361,4390
b'ZKN',2020-07-22 07:26:17,2020-07-17 18:15:00,http://www.weibo.com/1649818571/JbDEXypef,131992,33312,59702,1.0,4527741820995910,2020-7-17 18:20,5996,3829
b'ZKN',2020-07-22 07:26:17,2020-07-17 18:15:00,http://www.weibo.com/1649818571/JbDEXypef,131992,33312,59702,1.0,4527741862416124,2020-7-17 18:20,3966,1738
b'ZKN',2020-07-22 07:26:17,2020-07-17 18:15:00,http://www.weibo.com/1649818571/JbDEXypef,131992,33312,59702,1.0,4527742010263294,2020-7-17 18:21,5735,3678
b'ZKN',2020-07-22 07:26:24,2020-07-14 13:58:00,http://www.weibo.com/1649818571/Jb9GPvvm1,145752,41309,85301,1.0,4526593307641400,2020-7-14 14:16,6562,3787
b'ZKN',2020-07-22 07:26:24,2020-07-14 13:58:00,http://www.weibo.com/1649818571/Jb9GPvvm1,145752,41309,85301,1.0,4526594285075592,2020-7-14 14:20,6001,8249
b'ZKN',2020-07-22 07:26:24,2020-07-14 13:58:00,http://www.weibo.com/1649818571/Jb9GPvvm1,145752,41309,85301,1.0,4526597597707708,2020-7-14 14:33,5795,5559
b'ZKN',2020-07-22 07:26:24,2020-07-14 13:58:00,http://www.weibo.com/1649818571/Jb9GPvvm1,145752,41309,85301,1.0,4526591748057820,2020-7-14 14:10,5780,3512
b'ZKN',2020-07-22 07:26:24,2020-07-14 13:58:00,http://www.weibo.com/1649818571/Jb9GPvvm1,145752,41309,85301,2.0,4526594980713085,2020-7-14 14:23,4223,
b'ZKN',2020-07-22 07:26:24,2020-07-14 13:58:00,http://www.weibo.com/1649818571/Jb9GPvvm1,145752,41309,85301,2.0,4526594431811573,2020-7-14 14:21,4135,
b'ZKN',2020-07-22 07:26:24,2020-07-14 13:58:00,http://www.weibo.com/1649818571/Jb9GPvvm1,145752,41309,85301,2.0,4526597665374972,2020-7-14 14:34,3872,
b'ZKN',2020-07-22 07:26:29,2020-07-11 14:45:00,http://www.weibo.com/1649818571/JaHIzdZ8g,139142,30332,56473,1.0,4525514004040405,2020-7-11 14:48,7591,3824
b'ZKN',2020-07-22 07:26:29,2020-07-11 14:45:00,http://www.weibo.com/1649818571/JaHIzdZ8g,139142,30332,56473,1.0,4525515782668986,2020-7-11 14:55,7172,3573
b'ZKN',2020-07-22 07:26:29,2020-07-11 14:45:00,http://www.weibo.com/1649818571/JaHIzdZ8g,139142,30332,56473,1.0,4525514486624361,2020-7-11 14:49,6919,2663
b'ZKN',2020-07-22 07:26:33,2020-07-08 21:44:00,http://www.weibo.com/1649818571/JaibaypVT,143487,34719,63868,1.0,4524537570190123,2020-7-8 22:08,6767,2556
b'ZKN',2020-07-22 07:26:33,2020-07-08 21:44:00,http://www.weibo.com/1649818571/JaibaypVT,143487,34719,63868,1.0,4524537214278473,2020-7-8 22:06,6563,2597
b'ZKN',2020-07-22 07:26:33,2020-07-08 21:44:00,http://www.weibo.com/1649818571/JaibaypVT,143487,34719,63868,1.0,4524583371927247,2020-7-9 01:10,4760,4453
b'ZKN',2020-07-22 07:26:33,2020-07-08 21:44:00,http://www.weibo.com/1649818571/JaibaypVT,143487,34719,63868,2.0,4524590271975567,2020-7-9 01:37,3328,
b'ZKN',2020-07-22 07:26:38,2020-07-03 18:52:00,http://www.weibo.com/1649818571/J9vUSyddY,201156,39891,85825,1.0,4522698577615775,2020-7-3 20:20,7910,6463
b'ZKN',2020-07-22 07:26:38,2020-07-03 18:52:00,http://www.weibo.com/1649818571/J9vUSyddY,201156,39891,85825,2.0,4522699064084662,2020-7-3 20:22,4468,
b'ZKN',2020-07-22 07:26:38,2020-07-03 18:52:00,http://www.weibo.com/1649818571/J9vUSyddY,201156,39891,85825,2.0,4522698476681579,2020-7-3 20:20,4702,
b'ZKN',2020-07-22 07:26:49,2020-07-01 18:00:00,http://www.weibo.com/1649818571/J9cII0okO,165565,61134,103444,1.0,4521967703088987,2020-7-1 19:56,7027,4017
b'ZKN',2020-07-22 07:27:02,2020-06-25 21:16:00,http://www.weibo.com/1649818571/J8jrssFUF,247373,35497,67912,1.0,4519889526234789,2020-6-26 02:18,12973,5690
b'ZKN',2020-07-22 07:27:06,2020-06-23 16:40:00,http://www.weibo.com/1649818571/J7YMhq7PV,354824,54255,80486,1.0,4519077064563759,2020-6-23 20:29,20101,4317
b'ZKN',2020-07-22 07:27:06,2020-06-23 16:40:00,http://www.weibo.com/1649818571/J7YMhq7PV,354824,54255,80486,1.0,4519081561298642,2020-6-23 20:47,10162,2414
b'ZKN',2020-07-22 07:27:06,2020-06-23 16:40:00,http://www.weibo.com/1649818571/J7YMhq7PV,354824,54255,80486,1.0,4519081657430511,2020-6-23 20:48,9887,2366
b'ZKN',2020-07-22 07:27:06,2020-06-23 16:40:00,http://www.weibo.com/1649818571/J7YMhq7PV,354824,54255,80486,1.0,4519076192225663,2020-6-23 20:26,9591,2758
b'ZKN',2020-07-22 07:27:06,2020-06-23 16:40:00,http://www.weibo.com/1649818571/J7YMhq7PV,354824,54255,80486,1.0,4519076259020655,2020-6-23 20:26,8910,2584
b'ZKN',2020-07-22 07:27:06,2020-06-23 16:40:00,http://www.weibo.com/1649818571/J7YMhq7PV,354824,54255,80486,1.0,4519077529578333,2020-6-23 20:31,8333,2824
b'ZKN',2020-07-22 07:27:06,2020-06-23 16:40:00,http://www.weibo.com/1649818571/J7YMhq7PV,354824,54255,80486,1.0,4519076494403911,2020-6-23 20:27,8320,1484
b'ZKN',2020-07-22 07:27:06,2020-06-23 16:40:00,http://www.weibo.com/1649818571/J7YMhq7PV,354824,54255,80486,1.0,4519082063370783,2020-6-23 20:49,7814,1689
b'ZKN',2020-07-22 07:27:06,2020-06-23 16:40:00,http://www.weibo.com/1649818571/J7YMhq7PV,354824,54255,80486,2.0,4519020701217165,2020-6-23 16:45,13408,
b'XKY',2020-07-22 05:56:06,2020-07-20 22:32:00,http://www.weibo.com/3081216591/Jc7CEucfx,300026,47253,177011,1.0,4528893078541140,2020-7-20 22:35,15823,12959
b'XKY',2020-07-22 05:56:06,2020-07-20 22:32:00,http://www.weibo.com/3081216591/Jc7CEucfx,300026,47253,177011,2.0,4529262469855242,2020-7-21 23:03,1026,
b'XKY',2020-07-22 05:56:06,2020-07-20 22:32:00,http://www.weibo.com/3081216591/Jc7CEucfx,300026,47253,177011,2.0,4529262616909159,2020-7-21 23:03,1550,
b'XKY',2020-07-22 05:56:06,2020-07-20 22:32:00,http://www.weibo.com/3081216591/Jc7CEucfx,300026,47253,177011,2.0,4529262860181872,2020-7-21 23:04,1621,
b'XKY',2020-07-22 05:56:16,2020-07-19 14:16:00,http://www.weibo.com/3081216591/JbUX02HLo,86904,20275,86471,,,,,
b'XKY',2020-07-22 05:56:22,2020-07-18 10:00:00,http://www.weibo.com/3081216591/JbJQdgq5S,219965,25650,151283,,,,,
b'XKY',2020-07-22 05:56:31,2020-07-15 18:52:00,http://www.weibo.com/3081216591/Jbl2UzAJJ,333909,67606,243538,1.0,4527025483942241,2020-7-15 18:54,16677,7764
b'XKY',2020-07-22 05:56:31,2020-07-15 18:52:00,http://www.weibo.com/3081216591/Jbl2UzAJJ,333909,67606,243538,1.0,4527035046694697,2020-7-15 19:32,14283,6206
b'XKY',2020-07-22 05:56:31,2020-07-15 18:52:00,http://www.weibo.com/3081216591/Jbl2UzAJJ,333909,67606,243538,1.0,4527035404256323,2020-7-15 19:33,13803,5629
b'XKY',2020-07-22 05:56:31,2020-07-15 18:52:00,http://www.weibo.com/3081216591/Jbl2UzAJJ,333909,67606,243538,2.0,4527397884401945,2020-7-16 19:33,5220,
b'XKY',2020-07-22 05:56:31,2020-07-15 18:52:00,http://www.weibo.com/3081216591/Jbl2UzAJJ,333909,67606,243538,2.0,4527397799465240,2020-7-16 19:33,5148,
b'XKY',2020-07-22 05:56:37,2020-07-11 12:18:00,http://www.weibo.com/3081216591/JaGL6mgw7,325354,55905,228069,1.0,4525478914579985,2020-7-11 12:28,14452,11861
b'XKY',2020-07-22 05:56:43,2020-07-08 17:55:00,http://www.weibo.com/3081216591/JagG7Bvdo,355941,52239,182251,1.0,4524476336733865,2020-7-8 18:04,15764,10092
b'XKY',2020-07-22 05:56:47,2020-07-04 18:29:00,http://www.weibo.com/3081216591/J9FcbEwIb,118825,18839,199378,,,,,
b'XKY',2020-07-22 05:56:56,2020-07-04 13:36:00,http://www.weibo.com/3081216591/J9Dh4owEH,346174,48769,233796,1.0,4522961816671549,2020-7-4 13:46,13891,5659
b'XKY',2020-07-22 05:56:56,2020-07-04 13:36:00,http://www.weibo.com/3081216591/J9Dh4owEH,346174,48769,233796,1.0,4522961694137883,2020-7-4 13:46,14325,6716
b'XKY',2020-07-22 05:57:00,2020-06-28 10:30:00,http://www.weibo.com/3081216591/J8HusbAFN,146549,28657,208588,,,,,
b'XKY',2020-07-22 05:57:03,2020-06-25 20:48:00,http://www.weibo.com/3081216591/J8jg27YdG,607818,178612,234480,2.0,4520058657077925,2020-6-26 13:30,18268,
b'XKY',2020-07-22 05:57:06,2020-06-22 12:39:00,http://www.weibo.com/3081216591/J7NMc7E9e,307429,37123,136243,1.0,4518596540612171,2020-6-22 12:40,15675,4884
b'XKY',2020-07-22 05:57:09,2020-06-21 11:43:00,http://www.weibo.com/3081216591/J7DYXtipf,198334,16579,44103,,,,,
b'XKY',2020-07-22 06:11:00,2020-07-20 22:32:00,http://www.weibo.com/3081216591/Jc7CEucfx,300084,47264,177011,1.0,4528893078541140,2020-7-20 22:35,15824,12961
b'XKY',2020-07-22 06:11:00,2020-07-20 22:32:00,http://www.weibo.com/3081216591/Jc7CEucfx,300084,47264,177011,2.0,4529262469855242,2020-7-21 23:03,1034,
b'XKY',2020-07-22 06:11:00,2020-07-20 22:32:00,http://www.weibo.com/3081216591/Jc7CEucfx,300084,47264,177011,2.0,4529262616909159,2020-7-21 23:03,1562,
b'XKY',2020-07-22 06:11:00,2020-07-20 22:32:00,http://www.weibo.com/3081216591/Jc7CEucfx,300084,47264,177011,2.0,4529262860181872,2020-7-21 23:04,1632,
b'XKY',2020-07-22 06:11:12,2020-07-19 14:16:00,http://www.weibo.com/3081216591/JbUX02HLo,86904,20275,86471,,,,,
b'XKY',2020-07-22 06:11:17,2020-07-18 10:00:00,http://www.weibo.com/3081216591/JbJQdgq5S,219966,25650,151283,,,,,
b'XKY',2020-07-22 06:11:26,2020-07-15 18:52:00,http://www.weibo.com/3081216591/Jbl2UzAJJ,333910,67606,243539,1.0,4527025483942241,2020-7-15 18:54,16677,7764
b'XKY',2020-07-22 06:11:26,2020-07-15 18:52:00,http://www.weibo.com/3081216591/Jbl2UzAJJ,333910,67606,243539,1.0,4527035046694697,2020-7-15 19:32,14283,6206
b'XKY',2020-07-22 06:11:26,2020-07-15 18:52:00,http://www.weibo.com/3081216591/Jbl2UzAJJ,333910,67606,243539,1.0,4527035404256323,2020-7-15 19:33,13803,5629
b'XKY',2020-07-22 06:11:26,2020-07-15 18:52:00,http://www.weibo.com/3081216591/Jbl2UzAJJ,333910,67606,243539,2.0,4527397884401945,2020-7-16 19:33,5220,
b'XKY',2020-07-22 06:11:26,2020-07-15 18:52:00,http://www.weibo.com/3081216591/Jbl2UzAJJ,333910,67606,243539,2.0,4527397799465240,2020-7-16 19:33,5148,
b'XKY',2020-07-22 06:11:33,2020-07-11 12:18:00,http://www.weibo.com/3081216591/JaGL6mgw7,325354,55905,228070,1.0,4525478914579985,2020-7-11 12:28,14452,11861
b'XKY',2020-07-22 06:11:38,2020-07-08 17:55:00,http://www.weibo.com/3081216591/JagG7Bvdo,355941,52239,182252,1.0,4524476336733865,2020-7-8 18:04,15764,10092
b'XKY',2020-07-22 06:11:41,2020-07-04 18:29:00,http://www.weibo.com/3081216591/J9FcbEwIb,118825,18839,199381,,,,,
b'XKY',2020-07-22 06:11:51,2020-07-04 13:36:00,http://www.weibo.com/3081216591/J9Dh4owEH,346174,48769,233797,1.0,4522961816671549,2020-7-4 13:46,13891,5659
b'XKY',2020-07-22 06:11:51,2020-07-04 13:36:00,http://www.weibo.com/3081216591/J9Dh4owEH,346174,48769,233797,1.0,4522961694137883,2020-7-4 13:46,14325,6716
b'XKY',2020-07-22 06:11:55,2020-06-28 10:30:00,http://www.weibo.com/3081216591/J8HusbAFN,146549,28657,208588,,,,,
b'XKY',2020-07-22 06:11:59,2020-06-25 20:48:00,http://www.weibo.com/3081216591/J8jg27YdG,607818,178612,234481,2.0,4520058657077925,2020-6-26 13:30,18268,
b'XKY',2020-07-22 06:12:02,2020-06-22 12:39:00,http://www.weibo.com/3081216591/J7NMc7E9e,307429,37123,136244,1.0,4518596540612171,2020-6-22 12:40,15675,4884
b'XKY',2020-07-22 06:12:05,2020-06-21 11:43:00,http://www.weibo.com/3081216591/J7DYXtipf,198334,16579,44104,,,,,
b'XKY',2020-07-22 06:26:05,2020-07-20 22:32:00,http://www.weibo.com/3081216591/Jc7CEucfx,300152,47278,177077,1.0,4528893078541140,2020-7-20 22:35,15827,12963
b'XKY',2020-07-22 06:26:05,2020-07-20 22:32:00,http://www.weibo.com/3081216591/Jc7CEucfx,300152,47278,177077,2.0,4529262469855242,2020-7-21 23:03,1041,
b'XKY',2020-07-22 06:26:05,2020-07-20 22:32:00,http://www.weibo.com/3081216591/Jc7CEucfx,300152,47278,177077,2.0,4529262616909159,2020-7-21 23:03,1568,
b'XKY',2020-07-22 06:26:05,2020-07-20 22:32:00,http://www.weibo.com/3081216591/Jc7CEucfx,300152,47278,177077,2.0,4529262860181872,2020-7-21 23:04,1639,
b'XKY',2020-07-22 06:26:12,2020-07-19 14:16:00,http://www.weibo.com/3081216591/JbUX02HLo,86925,20277,86475,,,,,
b'XKY',2020-07-22 06:26:19,2020-07-18 10:00:00,http://www.weibo.com/3081216591/JbJQdgq5S,219966,25650,151283,,,,,
b'XKY',2020-07-22 06:26:28,2020-07-15 18:52:00,http://www.weibo.com/3081216591/Jbl2UzAJJ,333913,67606,243539,1.0,4527025483942241,2020-7-15 18:54,16677,7764
b'XKY',2020-07-22 06:26:28,2020-07-15 18:52:00,http://www.weibo.com/3081216591/Jbl2UzAJJ,333913,67606,243539,1.0,4527035046694697,2020-7-15 19:32,14283,6206
b'XKY',2020-07-22 06:26:28,2020-07-15 18:52:00,http://www.weibo.com/3081216591/Jbl2UzAJJ,333913,67606,243539,1.0,4527035404256323,2020-7-15 19:33,13803,5629
b'XKY',2020-07-22 06:26:28,2020-07-15 18:52:00,http://www.weibo.com/3081216591/Jbl2UzAJJ,333913,67606,243539,2.0,4527397884401945,2020-7-16 19:33,5220,
b'XKY',2020-07-22 06:26:28,2020-07-15 18:52:00,http://www.weibo.com/3081216591/Jbl2UzAJJ,333913,67606,243539,2.0,4527397799465240,2020-7-16 19:33,5148,
b'XKY',2020-07-22 06:26:34,2020-07-11 12:18:00,http://www.weibo.com/3081216591/JaGL6mgw7,325355,55905,228070,1.0,4525478914579985,2020-7-11 12:28,14452,11861
b'XKY',2020-07-22 06:26:39,2020-07-08 17:55:00,http://www.weibo.com/3081216591/JagG7Bvdo,355941,52239,182252,1.0,4524476336733865,2020-7-8 18:04,15764,10092
b'XKY',2020-07-22 06:26:44,2020-07-04 18:29:00,http://www.weibo.com/3081216591/J9FcbEwIb,118825,18839,199382,,,,,
b'XKY',2020-07-22 06:26:53,2020-07-04 13:36:00,http://www.weibo.com/3081216591/J9Dh4owEH,346174,48769,233797,1.0,4522961816671549,2020-7-4 13:46,13891,5659
b'XKY',2020-07-22 06:26:53,2020-07-04 13:36:00,http://www.weibo.com/3081216591/J9Dh4owEH,346174,48769,233797,1.0,4522961694137883,2020-7-4 13:46,14325,6716
b'XKY',2020-07-22 06:26:57,2020-06-28 10:30:00,http://www.weibo.com/3081216591/J8HusbAFN,146549,28657,208588,,,,,
b'XKY',2020-07-22 06:27:00,2020-06-25 20:48:00,http://www.weibo.com/3081216591/J8jg27YdG,607818,178612,234481,2.0,4520058657077925,2020-6-26 13:30,18268,
b'XKY',2020-07-22 06:27:03,2020-06-22 12:39:00,http://www.weibo.com/3081216591/J7NMc7E9e,307429,37123,136244,1.0,4518596540612171,2020-6-22 12:40,15675,4884
b'XKY',2020-07-22 06:27:06,2020-06-21 11:43:00,http://www.weibo.com/3081216591/J7DYXtipf,198334,16579,44104,,,,,
b'XKY',2020-07-22 06:41:04,2020-07-20 22:32:00,http://www.weibo.com/3081216591/Jc7CEucfx,300285,47295,177140,1.0,4528893078541140,2020-7-20 22:35,15831,12966
b'XKY',2020-07-22 06:41:04,2020-07-20 22:32:00,http://www.weibo.com/3081216591/Jc7CEucfx,300285,47295,177140,2.0,4529262469855242,2020-7-21 23:03,1050,
b'XKY',2020-07-22 06:41:04,2020-07-20 22:32:00,http://www.weibo.com/3081216591/Jc7CEucfx,300285,47295,177140,2.0,4529262616909159,2020-7-21 23:03,1584,
b'XKY',2020-07-22 06:41:04,2020-07-20 22:32:00,http://www.weibo.com/3081216591/Jc7CEucfx,300285,47295,177140,2.0,4529262860181872,2020-7-21 23:04,1655,
b'XKY',2020-07-22 06:41:11,2020-07-19 14:16:00,http://www.weibo.com/3081216591/JbUX02HLo,86928,20278,86478,,,,,
b'XKY',2020-07-22 06:41:19,2020-07-18 10:00:00,http://www.weibo.com/3081216591/JbJQdgq5S,219966,25651,151283,,,,,
b'XKY',2020-07-22 06:41:28,2020-07-15 18:52:00,http://www.weibo.com/3081216591/Jbl2UzAJJ,333915,67606,243539,1.0,4527025483942241,2020-7-15 18:54,16677,7764
b'XKY',2020-07-22 06:41:28,2020-07-15 18:52:00,http://www.weibo.com/3081216591/Jbl2UzAJJ,333915,67606,243539,1.0,4527035046694697,2020-7-15 19:32,14283,6206
b'XKY',2020-07-22 06:41:28,2020-07-15 18:52:00,http://www.weibo.com/3081216591/Jbl2UzAJJ,333915,67606,243539,1.0,4527035404256323,2020-7-15 19:33,13803,5629
b'XKY',2020-07-22 06:41:28,2020-07-15 18:52:00,http://www.weibo.com/3081216591/Jbl2UzAJJ,333915,67606,243539,2.0,4527397884401945,2020-7-16 19:33,5221,
b'XKY',2020-07-22 06:41:28,2020-07-15 18:52:00,http://www.weibo.com/3081216591/Jbl2UzAJJ,333915,67606,243539,2.0,4527397799465240,2020-7-16 19:33,5148,
b'XKY',2020-07-22 06:41:35,2020-07-11 12:18:00,http://www.weibo.com/3081216591/JaGL6mgw7,325355,55905,228070,1.0,4525478914579985,2020-7-11 12:28,14452,11861
b'XKY',2020-07-22 06:41:42,2020-07-08 17:55:00,http://www.weibo.com/3081216591/JagG7Bvdo,355942,52239,182252,1.0,4524476336733865,2020-7-8 18:04,15764,10092
b'XKY',2020-07-22 06:41:49,2020-07-04 18:29:00,http://www.weibo.com/3081216591/J9FcbEwIb,118826,18839,199381,,,,,
b'XKY',2020-07-22 06:41:59,2020-07-04 13:36:00,http://www.weibo.com/3081216591/J9Dh4owEH,346175,48769,233797,1.0,4522961816671549,2020-7-4 13:46,13891,5659
b'XKY',2020-07-22 06:41:59,2020-07-04 13:36:00,http://www.weibo.com/3081216591/J9Dh4owEH,346175,48769,233797,1.0,4522961694137883,2020-7-4 13:46,14325,6716
b'XKY',2020-07-22 06:42:02,2020-06-28 10:30:00,http://www.weibo.com/3081216591/J8HusbAFN,146549,28657,208588,,,,,
b'XKY',2020-07-22 06:42:05,2020-06-25 20:48:00,http://www.weibo.com/3081216591/J8jg27YdG,607818,178612,234481,2.0,4520058657077925,2020-6-26 13:30,18268,
b'XKY',2020-07-22 06:42:08,2020-06-22 12:39:00,http://www.weibo.com/3081216591/J7NMc7E9e,307429,37123,136244,1.0,4518596540612171,2020-6-22 12:40,15675,4884
b'XKY',2020-07-22 06:42:11,2020-06-21 11:43:00,http://www.weibo.com/3081216591/J7DYXtipf,198334,16579,44104,,,,,
b'XKY',2020-07-22 06:56:07,2020-07-20 22:32:00,http://www.weibo.com/3081216591/Jc7CEucfx,300453,47322,177199,1.0,4528893078541140,2020-7-20 22:35,15834,12977
b'XKY',2020-07-22 06:56:07,2020-07-20 22:32:00,http://www.weibo.com/3081216591/Jc7CEucfx,300453,47322,177199,2.0,4529262469855242,2020-7-21 23:03,1059,
b'XKY',2020-07-22 06:56:07,2020-07-20 22:32:00,http://www.weibo.com/3081216591/Jc7CEucfx,300453,47322,177199,2.0,4529262616909159,2020-7-21 23:03,1595,
b'XKY',2020-07-22 06:56:07,2020-07-20 22:32:00,http://www.weibo.com/3081216591/Jc7CEucfx,300453,47322,177199,2.0,4529262860181872,2020-7-21 23:04,1666,
b'XKY',2020-07-22 06:56:14,2020-07-19 14:16:00,http://www.weibo.com/3081216591/JbUX02HLo,86931,20280,86478,,,,,
b'XKY',2020-07-22 06:56:21,2020-07-18 10:00:00,http://www.weibo.com/3081216591/JbJQdgq5S,219967,25653,151283,,,,,
b'XKY',2020-07-22 06:56:30,2020-07-15 18:52:00,http://www.weibo.com/3081216591/Jbl2UzAJJ,333921,67606,243539,1.0,4527025483942241,2020-7-15 18:54,16677,7764
b'XKY',2020-07-22 06:56:30,2020-07-15 18:52:00,http://www.weibo.com/3081216591/Jbl2UzAJJ,333921,67606,243539,1.0,4527035046694697,2020-7-15 19:32,14283,6206
b'XKY',2020-07-22 06:56:30,2020-07-15 18:52:00,http://www.weibo.com/3081216591/Jbl2UzAJJ,333921,67606,243539,1.0,4527035404256323,2020-7-15 19:33,13803,5629
b'XKY',2020-07-22 06:56:30,2020-07-15 18:52:00,http://www.weibo.com/3081216591/Jbl2UzAJJ,333921,67606,243539,2.0,4527397884401945,2020-7-16 19:33,5221,
b'XKY',2020-07-22 06:56:30,2020-07-15 18:52:00,http://www.weibo.com/3081216591/Jbl2UzAJJ,333921,67606,243539,2.0,4527397799465240,2020-7-16 19:33,5148,
b'XKY',2020-07-22 06:56:36,2020-07-11 12:18:00,http://www.weibo.com/3081216591/JaGL6mgw7,325355,55905,228070,1.0,4525478914579985,2020-7-11 12:28,14452,11861
b'XKY',2020-07-22 06:56:42,2020-07-08 17:55:00,http://www.weibo.com/3081216591/JagG7Bvdo,355943,52239,182252,1.0,4524476336733865,2020-7-8 18:04,15764,10092
b'XKY',2020-07-22 06:56:46,2020-07-04 18:29:00,http://www.weibo.com/3081216591/J9FcbEwIb,118826,18839,199384,,,,,
b'XKY',2020-07-22 06:57:25,2020-07-04 13:36:00,http://www.weibo.com/3081216591/J9Dh4owEH,346175,48769,233797,1.0,4522961816671549,2020-7-4 13:46,13891,5659
b'XKY',2020-07-22 06:57:25,2020-07-04 13:36:00,http://www.weibo.com/3081216591/J9Dh4owEH,346175,48769,233797,1.0,4522961694137883,2020-7-4 13:46,14325,6716
b'XKY',2020-07-22 06:57:44,2020-06-28 10:30:00,http://www.weibo.com/3081216591/J8HusbAFN,146549,28657,208588,,,,,
b'XKY',2020-07-22 06:57:47,2020-06-25 20:48:00,http://www.weibo.com/3081216591/J8jg27YdG,607820,178612,234481,2.0,4520058657077925,2020-6-26 13:30,18269,
b'XKY',2020-07-22 06:57:51,2020-06-22 12:39:00,http://www.weibo.com/3081216591/J7NMc7E9e,307431,37123,136244,1.0,4518596540612171,2020-6-22 12:40,15676,4884
b'XKY',2020-07-22 06:57:54,2020-06-21 11:43:00,http://www.weibo.com/3081216591/J7DYXtipf,198334,16579,44104,,,,,
b'XKY',2020-07-22 07:11:33,2020-07-20 22:32:00,http://www.weibo.com/3081216591/Jc7CEucfx,300643,47346,177447,1.0,4528893078541140,2020-7-20 22:35,15837,12983
b'XKY',2020-07-22 07:11:33,2020-07-20 22:32:00,http://www.weibo.com/3081216591/Jc7CEucfx,300643,47346,177447,2.0,4529262469855242,2020-7-21 23:03,1071,
b'XKY',2020-07-22 07:11:33,2020-07-20 22:32:00,http://www.weibo.com/3081216591/Jc7CEucfx,300643,47346,177447,2.0,4529262616909159,2020-7-21 23:03,1611,
b'XKY',2020-07-22 07:11:33,2020-07-20 22:32:00,http://www.weibo.com/3081216591/Jc7CEucfx,300643,47346,177447,2.0,4529262860181872,2020-7-21 23:04,1680,
b'XKY',2020-07-22 07:11:42,2020-07-19 14:16:00,http://www.weibo.com/3081216591/JbUX02HLo,86933,20280,86478,,,,,
b'XKY',2020-07-22 07:11:49,2020-07-18 10:00:00,http://www.weibo.com/3081216591/JbJQdgq5S,219967,25653,151284,,,,,
b'XKY',2020-07-22 07:12:13,2020-07-15 18:52:00,http://www.weibo.com/3081216591/Jbl2UzAJJ,333921,67606,243539,1.0,4527025483942241,2020-7-15 18:54,16677,7764
b'XKY',2020-07-22 07:12:13,2020-07-15 18:52:00,http://www.weibo.com/3081216591/Jbl2UzAJJ,333921,67606,243539,1.0,4527035046694697,2020-7-15 19:32,14283,6206
b'XKY',2020-07-22 07:12:13,2020-07-15 18:52:00,http://www.weibo.com/3081216591/Jbl2UzAJJ,333921,67606,243539,1.0,4527035404256323,2020-7-15 19:33,13803,5629
b'XKY',2020-07-22 07:12:13,2020-07-15 18:52:00,http://www.weibo.com/3081216591/Jbl2UzAJJ,333921,67606,243539,2.0,4527397884401945,2020-7-16 19:33,5221,
b'XKY',2020-07-22 07:12:13,2020-07-15 18:52:00,http://www.weibo.com/3081216591/Jbl2UzAJJ,333921,67606,243539,2.0,4527397799465240,2020-7-16 19:33,5148,
b'XKY',2020-07-22 07:12:20,2020-07-11 12:18:00,http://www.weibo.com/3081216591/JaGL6mgw7,325355,55905,228070,1.0,4525478914579985,2020-7-11 12:28,14452,11861
b'XKY',2020-07-22 07:12:26,2020-07-08 17:55:00,http://www.weibo.com/3081216591/JagG7Bvdo,355943,52239,182252,1.0,4524476336733865,2020-7-8 18:04,15764,10092
b'XKY',2020-07-22 07:12:31,2020-07-04 18:29:00,http://www.weibo.com/3081216591/J9FcbEwIb,118826,18839,199387,,,,,
b'XKY',2020-07-22 07:12:42,2020-07-04 13:36:00,http://www.weibo.com/3081216591/J9Dh4owEH,346176,48769,233797,1.0,4522961816671549,2020-7-4 13:46,13891,5659
b'XKY',2020-07-22 07:12:42,2020-07-04 13:36:00,http://www.weibo.com/3081216591/J9Dh4owEH,346176,48769,233797,1.0,4522961694137883,2020-7-4 13:46,14325,6716
b'XKY',2020-07-22 07:12:45,2020-06-28 10:30:00,http://www.weibo.com/3081216591/J8HusbAFN,146549,28657,208588,,,,,
b'XKY',2020-07-22 07:12:49,2020-06-25 20:48:00,http://www.weibo.com/3081216591/J8jg27YdG,607820,178612,234481,2.0,4520058657077925,2020-6-26 13:30,18269,
b'XKY',2020-07-22 07:12:51,2020-06-22 12:39:00,http://www.weibo.com/3081216591/J7NMc7E9e,307431,37123,136244,1.0,4518596540612171,2020-6-22 12:40,15676,4884
b'XKY',2020-07-22 07:12:55,2020-06-21 11:43:00,http://www.weibo.com/3081216591/J7DYXtipf,198334,16579,44104,,,,,
b'XKY',2020-07-22 07:26:03,2020-07-20 22:32:00,http://www.weibo.com/3081216591/Jc7CEucfx,300841,47416,177716,1.0,4528893078541140,2020-7-20 22:35,15840,12990
b'XKY',2020-07-22 07:26:03,2020-07-20 22:32:00,http://www.weibo.com/3081216591/Jc7CEucfx,300841,47416,177716,2.0,4529262469855242,2020-7-21 23:03,1084,
b'XKY',2020-07-22 07:26:03,2020-07-20 22:32:00,http://www.weibo.com/3081216591/Jc7CEucfx,300841,47416,177716,2.0,4529262616909159,2020-7-21 23:03,1629,
b'XKY',2020-07-22 07:26:03,2020-07-20 22:32:00,http://www.weibo.com/3081216591/Jc7CEucfx,300841,47416,177716,2.0,4529262860181872,2020-7-21 23:04,1696,
b'XKY',2020-07-22 07:26:17,2020-07-19 14:16:00,http://www.weibo.com/3081216591/JbUX02HLo,86940,20283,86479,,,,,
b'XKY',2020-07-22 07:26:23,2020-07-18 10:00:00,http://www.weibo.com/3081216591/JbJQdgq5S,220000,25654,151286,,,,,
b'XKY',2020-07-22 07:26:33,2020-07-15 18:52:00,http://www.weibo.com/3081216591/Jbl2UzAJJ,333925,67610,243539,1.0,4527025483942241,2020-7-15 18:54,16677,7765
b'XKY',2020-07-22 07:26:33,2020-07-15 18:52:00,http://www.weibo.com/3081216591/Jbl2UzAJJ,333925,67610,243539,1.0,4527035046694697,2020-7-15 19:32,14283,6207
b'XKY',2020-07-22 07:26:33,2020-07-15 18:52:00,http://www.weibo.com/3081216591/Jbl2UzAJJ,333925,67610,243539,1.0,4527035404256323,2020-7-15 19:33,13803,5630
b'XKY',2020-07-22 07:26:33,2020-07-15 18:52:00,http://www.weibo.com/3081216591/Jbl2UzAJJ,333925,67610,243539,2.0,4527397884401945,2020-7-16 19:33,5221,
b'XKY',2020-07-22 07:26:33,2020-07-15 18:52:00,http://www.weibo.com/3081216591/Jbl2UzAJJ,333925,67610,243539,2.0,4527397799465240,2020-7-16 19:33,5148,
b'XKY',2020-07-22 07:26:41,2020-07-11 12:18:00,http://www.weibo.com/3081216591/JaGL6mgw7,325376,55908,228070,1.0,4525478914579985,2020-7-11 12:28,14452,11861
b'XKY',2020-07-22 07:26:48,2020-07-08 17:55:00,http://www.weibo.com/3081216591/JagG7Bvdo,355946,52240,182252,1.0,4524476336733865,2020-7-8 18:04,15764,10092
b'XKY',2020-07-22 07:27:14,2020-07-04 18:29:00,http://www.weibo.com/3081216591/J9FcbEwIb,118826,18839,199387,,,,,
b'XKY',2020-07-22 07:27:25,2020-07-04 13:36:00,http://www.weibo.com/3081216591/J9Dh4owEH,346177,48772,233797,1.0,4522961816671549,2020-7-4 13:46,13891,5660
b'XKY',2020-07-22 07:27:25,2020-07-04 13:36:00,http://www.weibo.com/3081216591/J9Dh4owEH,346177,48772,233797,1.0,4522961694137883,2020-7-4 13:46,14325,6717
b'XKY',2020-07-22 07:27:28,2020-06-28 10:30:00,http://www.weibo.com/3081216591/J8HusbAFN,146549,28657,208588,,,,,
b'XKY',2020-07-22 07:27:32,2020-06-25 20:48:00,http://www.weibo.com/3081216591/J8jg27YdG,607820,178612,234481,2.0,4520058657077925,2020-6-26 13:30,18269,
b'XKY',2020-07-22 07:27:37,2020-06-22 12:39:00,http://www.weibo.com/3081216591/J7NMc7E9e,307432,37125,136244,1.0,4518596540612171,2020-6-22 12:40,15676,4885
b'XKY',2020-07-22 07:27:40,2020-06-21 11:43:00,http://www.weibo.com/3081216591/J7DYXtipf,198335,16579,44104,,,,,
